COMPOUND,FLOOR,ROOM,POSITION,NAME,Type,LATITUDE,LONGITUDE,ALTITUDE
A,1,1,1,SOLDIER,SHORT+AF8-RANGE+AF8-ANTI+AF8-TANK,33.3718259,35.4969609,451.367822
A,1,1,2,SOLDIER,SHORT+AF8-RANGE+AF8-ANTI+AF8-TANK,33.3717707,35.4969067,451.367835
A,1,1,3,SOLDIER,SHORT+AF8-RANGE+AF8-ANTI+AF8-TANK,33.371789,35.4968992,451.367774
A,1,1,4,SOLDIER,SHORT+AF8-RANGE+AF8-ANTI+AF8-TANK,33.3718072,35.4968912,451.367741
A,1,1,5,SOLDIER,SHORT+AF8-RANGE+AF8-ANTI+AF8-TANK,33.3718073,35.4969682,451.367941
A,1,1,6,SOLDIER,SHORT+AF8-RANGE+AF8-ANTI+AF8-TANK,33.3717893,35.4969762,451.368061
A,1,1,7,SOLDIER,SHORT+AF8-RANGE+AF8-ANTI+AF8-TANK,33.3718199,35.496939,451.367739
A,1,1,8,SOLDIER,SHORT+AF8-RANGE+AF8-ANTI+AF8-TANK,33.3718014,35.4969466,451.367859
A,1,1,9,SOLDIER,SHORT+AF8-RANGE+AF8-ANTI+AF8-TANK,33.3717834,35.496954,451.367976
A,1,1,10,SOLDIER,SHORT+AF8-RANGE+AF8-ANTI+AF8-TANK,33.3718137,35.4969176,451.367714
A,1,1,11,SOLDIER,SHORT+AF8-RANGE+AF8-ANTI+AF8-TANK,33.3717955,35.496925,451.367777
A,1,1,12,SOLDIER,SHORT+AF8-RANGE+AF8-ANTI+AF8-TANK,33.371777,35.4969321,451.367894
A,1,2,13,SOLDIER,SHORT+AF8-RANGE+AF8-ANTI+AF8-TANK,33.3718693,35.4969432,451.367567
A,1,2,14,SOLDIER,SHORT+AF8-RANGE+AF8-ANTI+AF8-TANK,33.3718542,35.4969494,451.367639
A,1,2,15,SOLDIER,SHORT+AF8-RANGE+AF8-ANTI+AF8-TANK,33.3718641,35.4969213,451.367614
A,1,2,16,SOLDIER,SHORT+AF8-RANGE+AF8-ANTI+AF8-TANK,33.3718485,35.4969274,451.36762
A,1,2,17,SOLDIER,SHORT+AF8-RANGE+AF8-ANTI+AF8-TANK,33.3718574,35.4968994,451.367663
A,1,2,18,SOLDIER,SHORT+AF8-RANGE+AF8-ANTI+AF8-TANK,33.3718356,35.4968796,451.36773
A,1,2,19,SOLDIER,SHORT+AF8-RANGE+AF8-ANTI+AF8-TANK,33.37185,35.4968729,451.367721
A,1,2,20,SOLDIER,SHORT+AF8-RANGE+AF8-ANTI+AF8-TANK,33.371842,35.4969056,451.367674
A,1,3,21,SOLDIER,SHORT+AF8-RANGE+AF8-ANTI+AF8-TANK,33.3717981,35.4968696,451.367799
A,1,3,22,SOLDIER,SHORT+AF8-RANGE+AF8-ANTI+AF8-TANK,33.3717934,35.4968512,451.367842
A,1,3,23,SOLDIER,SHORT+AF8-RANGE+AF8-ANTI+AF8-TANK,33.3717885,35.496833,451.367859
A,1,3,24,SOLDIER,SHORT+AF8-RANGE+AF8-ANTI+AF8-TANK,33.3718164,35.4968613,451.367791
A,1,3,25,SOLDIER,SHORT+AF8-RANGE+AF8-ANTI+AF8-TANK,33.3718352,35.4968537,451.367777
A,1,3,26,SOLDIER,SHORT+AF8-RANGE+AF8-ANTI+AF8-TANK,33.3718117,35.4968428,451.367831
A,1,3,27,SOLDIER,SHORT+AF8-RANGE+AF8-ANTI+AF8-TANK,33.3718069,35.496824,451.367859
A,1,3,28,SOLDIER,SHORT+AF8-RANGE+AF8-ANTI+AF8-TANK,33.3718304,35.4968351,451.367817
A,1,3,29,SOLDIER,SHORT+AF8-RANGE+AF8-ANTI+AF8-TANK,33.3718253,35.4968166,451.367857
A,2,1,30,SOLDIER,SHORT+AF8-RANGE+AF8-ANTI+AF8-TANK,33.371826,35.4969602,454.567885
A,2,1,31,SOLDIER,SHORT+AF8-RANGE+AF8-ANTI+AF8-TANK,33.3718075,35.4969675,454.567887
A,2,1,32,SOLDIER,SHORT+AF8-RANGE+AF8-ANTI+AF8-TANK,33.3717892,35.4969757,454.567887
A,2,1,33,SOLDIER,SHORT+AF8-RANGE+AF8-ANTI+AF8-TANK,33.3718201,35.4969382,454.567927
A,2,1,34,SOLDIER,SHORT+AF8-RANGE+AF8-ANTI+AF8-TANK,33.3718015,35.4969459,454.567928
A,2,1,35,SOLDIER,SHORT+AF8-RANGE+AF8-ANTI+AF8-TANK,33.3717833,35.4969528,454.56793
A,2,1,36,SOLDIER,SHORT+AF8-RANGE+AF8-ANTI+AF8-TANK,33.3718138,35.4969169,454.56824
A,2,1,37,SOLDIER,SHORT+AF8-RANGE+AF8-ANTI+AF8-TANK,33.3717954,35.4969226,454.567972
A,2,1,38,SOLDIER,SHORT+AF8-RANGE+AF8-ANTI+AF8-TANK,33.3717769,35.4969301,454.567973
A,2,1,39,SOLDIER,SHORT+AF8-RANGE+AF8-ANTI+AF8-TANK,33.3717707,35.4969059,454.568073
A,2,1,40,SOLDIER,SHORT+AF8-RANGE+AF8-ANTI+AF8-TANK,33.3717889,35.4968982,454.568581
A,2,1,41,SOLDIER,SHORT+AF8-RANGE+AF8-ANTI+AF8-TANK,33.3718073,35.4968905,454.569046
A,2,2,42,SOLDIER,SHORT+AF8-RANGE+AF8-ANTI+AF8-TANK,33.3718699,35.4969428,454.568027
A,2,2,43,SOLDIER,SHORT+AF8-RANGE+AF8-ANTI+AF8-TANK,33.3718546,35.4969491,454.567882
A,2,2,44,SOLDIER,SHORT+AF8-RANGE+AF8-ANTI+AF8-TANK,33.3718638,35.4969212,454.568042
A,2,2,45,SOLDIER,SHORT+AF8-RANGE+AF8-ANTI+AF8-TANK,33.3718482,35.4969274,454.568312
A,2,2,46,SOLDIER,SHORT+AF8-RANGE+AF8-ANTI+AF8-TANK,33.3718571,35.4968993,454.568017
A,2,2,47,SOLDIER,SHORT+AF8-RANGE+AF8-ANTI+AF8-TANK,33.3718353,35.4968796,454.568348
A,2,2,48,SOLDIER,SHORT+AF8-RANGE+AF8-ANTI+AF8-TANK,33.3718497,35.4968729,454.56797
A,2,2,49,SOLDIER,SHORT+AF8-RANGE+AF8-ANTI+AF8-TANK,33.3718417,35.4969055,454.568413
A,2,3,50,SOLDIER,SHORT+AF8-RANGE+AF8-ANTI+AF8-TANK,33.3718012,35.4968679,454.569009
A,2,3,51,SOLDIER,SHORT+AF8-RANGE+AF8-ANTI+AF8-TANK,33.3717963,35.4968501,454.568581
A,2,3,52,SOLDIER,SHORT+AF8-RANGE+AF8-ANTI+AF8-TANK,33.3717915,35.4968314,454.568119
A,2,3,53,SOLDIER,SHORT+AF8-RANGE+AF8-ANTI+AF8-TANK,33.3718196,35.4968605,454.568549
A,2,3,54,SOLDIER,SHORT+AF8-RANGE+AF8-ANTI+AF8-TANK,33.3718384,35.4968528,454.568064
A,2,3,55,SOLDIER,SHORT+AF8-RANGE+AF8-ANTI+AF8-TANK,33.3718149,35.4968419,454.568447
A,2,3,56,SOLDIER,SHORT+AF8-RANGE+AF8-ANTI+AF8-TANK,33.3718101,35.4968231,454.567984
A,2,3,57,SOLDIER,SHORT+AF8-RANGE+AF8-ANTI+AF8-TANK,33.3718335,35.4968342,454.568023
A,2,3,58,SOLDIER,SHORT+AF8-RANGE+AF8-ANTI+AF8-TANK,33.3718284,35.4968158,454.567869
B,1,1,59,SOLDIER,SHORT+AF8-RANGE+AF8-ANTI+AF8-TANK,33.3720199,35.4963016,455.637219
B,1,1,60,SOLDIER,SHORT+AF8-RANGE+AF8-ANTI+AF8-TANK,33.3720384,35.4963093,455.637219
B,1,1,61,SOLDIER,SHORT+AF8-RANGE+AF8-ANTI+AF8-TANK,33.3720564,35.4963165,455.637219
B,1,1,62,SOLDIER,SHORT+AF8-RANGE+AF8-ANTI+AF8-TANK,33.3720629,35.4962947,455.637218
B,1,1,63,SOLDIER,SHORT+AF8-RANGE+AF8-ANTI+AF8-TANK,33.3720691,35.4962728,455.637216
B,1,1,64,SOLDIER,SHORT+AF8-RANGE+AF8-ANTI+AF8-TANK,33.3720768,35.4962471,455.637215
B,1,1,65,SOLDIER,SHORT+AF8-RANGE+AF8-ANTI+AF8-TANK,33.3720847,35.4962217,455.637213
B,1,1,66,SOLDIER,SHORT+AF8-RANGE+AF8-ANTI+AF8-TANK,33.3720448,35.4962875,455.637218
B,1,1,67,SOLDIER,SHORT+AF8-RANGE+AF8-ANTI+AF8-TANK,33.3720261,35.4962798,455.637218
B,1,1,68,SOLDIER,SHORT+AF8-RANGE+AF8-ANTI+AF8-TANK,33.372051,35.4962654,455.637216
B,1,1,69,SOLDIER,SHORT+AF8-RANGE+AF8-ANTI+AF8-TANK,33.3720327,35.4962578,455.637216
B,1,1,70,SOLDIER,SHORT+AF8-RANGE+AF8-ANTI+AF8-TANK,33.3720584,35.4962396,455.637215
B,1,1,71,SOLDIER,SHORT+AF8-RANGE+AF8-ANTI+AF8-TANK,33.3720401,35.4962325,455.637215
B,1,1,72,SOLDIER,SHORT+AF8-RANGE+AF8-ANTI+AF8-TANK,33.3720655,35.4962141,455.637213
B,1,1,73,SOLDIER,SHORT+AF8-RANGE+AF8-ANTI+AF8-TANK,33.3720473,35.496207,455.637213
B,1,1,74,SOLDIER,SHORT+AF8-RANGE+AF8-ANTI+AF8-TANK,33.3720811,35.4963435,455.636932
B,1,2,75,SOLDIER,SHORT+AF8-RANGE+AF8-ANTI+AF8-TANK,33.3720992,35.4963506,455.63694
B,1,2,76,SOLDIER,SHORT+AF8-RANGE+AF8-ANTI+AF8-TANK,33.3721182,35.4963578,455.636941
B,1,2,77,SOLDIER,SHORT+AF8-RANGE+AF8-ANTI+AF8-TANK,33.3721364,35.4963652,455.63694
B,1,2,78,SOLDIER,SHORT+AF8-RANGE+AF8-ANTI+AF8-TANK,33.3721474,35.4963696,455.63694
B,1,2,79,SOLDIER,SHORT+AF8-RANGE+AF8-ANTI+AF8-TANK,33.3721383,35.4962764,455.637215
B,1,3,80,SOLDIER,SHORT+AF8-RANGE+AF8-ANTI+AF8-TANK,33.3721569,35.4962838,455.637209
B,1,3,81,SOLDIER,SHORT+AF8-RANGE+AF8-ANTI+AF8-TANK,33.372132,35.496298,455.637159
B,1,3,82,SOLDIER,SHORT+AF8-RANGE+AF8-ANTI+AF8-TANK,33.3721254,35.4963196,455.637042
B,1,3,83,SOLDIER,SHORT+AF8-RANGE+AF8-ANTI+AF8-TANK,33.37212,35.4963382,455.636991
B,1,3,84,SOLDIER,SHORT+AF8-RANGE+AF8-ANTI+AF8-TANK,33.3721501,35.4963051,455.637102
B,1,3,85,SOLDIER,SHORT+AF8-RANGE+AF8-ANTI+AF8-TANK,33.3721435,35.4963271,455.637041
B,1,3,86,SOLDIER,SHORT+AF8-RANGE+AF8-ANTI+AF8-TANK,33.3721687,35.4963126,455.637102
B,1,3,87,SOLDIER,SHORT+AF8-RANGE+AF8-ANTI+AF8-TANK,33.3721626,35.4963343,455.637042
B,1,3,88,SOLDIER,SHORT+AF8-RANGE+AF8-ANTI+AF8-TANK,33.3721389,35.4963452,455.636992
B,1,3,89,SOLDIER,SHORT+AF8-RANGE+AF8-ANTI+AF8-TANK,33.3721569,35.496352,455.636993
C,1,1,90,SOLDIER,SHORT+AF8-RANGE+AF8-ANTI+AF8-TANK,33.3723426,35.4963298,456.05484
C,1,1,91,SOLDIER,SHORT+AF8-RANGE+AF8-ANTI+AF8-TANK,33.3723231,35.4962477,456.054815
C,1,1,92,SOLDIER,SHORT+AF8-RANGE+AF8-ANTI+AF8-TANK,33.3723418,35.496254,456.054938
C,1,1,93,SOLDIER,SHORT+AF8-RANGE+AF8-ANTI+AF8-TANK,33.3723605,35.4962598,456.055062
C,1,1,94,SOLDIER,SHORT+AF8-RANGE+AF8-ANTI+AF8-TANK,33.3723238,35.4963232,456.054783
C,1,1,95,SOLDIER,SHORT+AF8-RANGE+AF8-ANTI+AF8-TANK,33.3723052,35.4963175,456.054751
C,1,1,96,SOLDIER,SHORT+AF8-RANGE+AF8-ANTI+AF8-TANK,33.3723482,35.4963077,456.054891
C,1,1,97,SOLDIER,SHORT+AF8-RANGE+AF8-ANTI+AF8-TANK,33.3723293,35.4963014,456.054772
C,1,1,98,SOLDIER,SHORT+AF8-RANGE+AF8-ANTI+AF8-TANK,33.372311,35.4962952,456.054718
C,1,1,99,SOLDIER,SHORT+AF8-RANGE+AF8-ANTI+AF8-TANK,33.3723532,35.4962859,456.054964
C,1,1,100,SOLDIER,SHORT+AF8-RANGE+AF8-ANTI+AF8-TANK,33.3723348,35.4962796,456.054843
C,1,1,101,SOLDIER,SHORT+AF8-RANGE+AF8-ANTI+AF8-TANK,33.3723162,35.4962729,456.054722
C,1,2,102,SOLDIER,SHORT+AF8-RANGE+AF8-ANTI+AF8-TANK,33.3722829,35.4963113,456.05475
C,1,2,103,SOLDIER,SHORT+AF8-RANGE+AF8-ANTI+AF8-TANK,33.3722677,35.4963054,456.054739
C,1,2,104,SOLDIER,SHORT+AF8-RANGE+AF8-ANTI+AF8-TANK,33.3722898,35.4962901,456.054702
C,1,2,105,SOLDIER,SHORT+AF8-RANGE+AF8-ANTI+AF8-TANK,33.3722743,35.4962838,456.054692
C,1,2,106,SOLDIER,SHORT+AF8-RANGE+AF8-ANTI+AF8-TANK,33.3722955,35.4962678,456.054649
C,1,2,107,SOLDIER,SHORT+AF8-RANGE+AF8-ANTI+AF8-TANK,33.3722886,35.4962364,456.054596
C,1,2,108,SOLDIER,SHORT+AF8-RANGE+AF8-ANTI+AF8-TANK,33.3723037,35.4962424,456.054685
C,1,2,109,SOLDIER,SHORT+AF8-RANGE+AF8-ANTI+AF8-TANK,33.3722801,35.4962617,456.054643
C,1,3,110,SOLDIER,SHORT+AF8-RANGE+AF8-ANTI+AF8-TANK,33.3722457,35.4963593,456.054859
C,1,3,111,SOLDIER,SHORT+AF8-RANGE+AF8-ANTI+AF8-TANK,33.3722509,35.4963411,456.054819
C,1,3,112,SOLDIER,SHORT+AF8-RANGE+AF8-ANTI+AF8-TANK,33.3722559,35.496323,456.054779
C,1,3,113,SOLDIER,SHORT+AF8-RANGE+AF8-ANTI+AF8-TANK,33.3722643,35.4963665,456.05487
C,1,3,114,SOLDIER,SHORT+AF8-RANGE+AF8-ANTI+AF8-TANK,33.3722828,35.4963739,456.054871
C,1,3,115,SOLDIER,SHORT+AF8-RANGE+AF8-ANTI+AF8-TANK,33.3722696,35.4963485,456.054832
C,1,3,116,SOLDIER,SHORT+AF8-RANGE+AF8-ANTI+AF8-TANK,33.3722749,35.49633,456.054792
C,1,3,117,SOLDIER,SHORT+AF8-RANGE+AF8-ANTI+AF8-TANK,33.3722881,35.4963554,456.054845
C,1,3,118,SOLDIER,SHORT+AF8-RANGE+AF8-ANTI+AF8-TANK,33.3722929,35.4963372,456.054804
C,2,1,119,SOLDIER,SHORT+AF8-RANGE+AF8-ANTI+AF8-TANK,33.3723447,35.4963312,459.255025
C,2,1,120,SOLDIER,SHORT+AF8-RANGE+AF8-ANTI+AF8-TANK,33.372326,35.4963243,459.255467
C,2,1,121,SOLDIER,SHORT+AF8-RANGE+AF8-ANTI+AF8-TANK,33.3723072,35.4963183,459.256019
C,2,1,122,SOLDIER,SHORT+AF8-RANGE+AF8-ANTI+AF8-TANK,33.3723506,35.4963092,459.254983
C,2,1,123,SOLDIER,SHORT+AF8-RANGE+AF8-ANTI+AF8-TANK,33.3723317,35.4963026,459.254984
C,2,1,124,SOLDIER,SHORT+AF8-RANGE+AF8-ANTI+AF8-TANK,33.3723135,35.4962956,459.255299
C,2,1,125,SOLDIER,SHORT+AF8-RANGE+AF8-ANTI+AF8-TANK,33.3723559,35.4962875,459.254942
C,2,1,126,SOLDIER,SHORT+AF8-RANGE+AF8-ANTI+AF8-TANK,33.3723377,35.4962807,459.254942
C,2,1,127,SOLDIER,SHORT+AF8-RANGE+AF8-ANTI+AF8-TANK,33.3723194,35.4962727,459.25494
C,2,1,128,SOLDIER,SHORT+AF8-RANGE+AF8-ANTI+AF8-TANK,33.3723262,35.4962487,459.254894
C,2,1,129,SOLDIER,SHORT+AF8-RANGE+AF8-ANTI+AF8-TANK,33.3723447,35.496255,459.254894
C,2,1,130,SOLDIER,SHORT+AF8-RANGE+AF8-ANTI+AF8-TANK,33.3723635,35.4962615,459.254893
C,2,2,131,SOLDIER,SHORT+AF8-RANGE+AF8-ANTI+AF8-TANK,33.3722797,35.4963114,459.255435
C,2,2,132,SOLDIER,SHORT+AF8-RANGE+AF8-ANTI+AF8-TANK,33.3722644,35.4963052,459.25504
C,2,2,133,SOLDIER,SHORT+AF8-RANGE+AF8-ANTI+AF8-TANK,33.372286,35.4962899,459.255475
C,2,2,134,SOLDIER,SHORT+AF8-RANGE+AF8-ANTI+AF8-TANK,33.3722705,35.4962833,459.255074
C,2,2,135,SOLDIER,SHORT+AF8-RANGE+AF8-ANTI+AF8-TANK,33.3722919,35.4962677,459.255453
C,2,2,136,SOLDIER,SHORT+AF8-RANGE+AF8-ANTI+AF8-TANK,33.3722848,35.4962361,459.255046
C,2,2,137,SOLDIER,SHORT+AF8-RANGE+AF8-ANTI+AF8-TANK,33.3722997,35.4962413,459.254898
C,2,2,138,SOLDIER,SHORT+AF8-RANGE+AF8-ANTI+AF8-TANK,33.3722766,35.4962614,459.255108
C,2,3,139,SOLDIER,SHORT+AF8-RANGE+AF8-ANTI+AF8-TANK,33.3722484,35.496361,459.254891
C,2,3,140,SOLDIER,SHORT+AF8-RANGE+AF8-ANTI+AF8-TANK,33.3722531,35.4963432,459.254963
C,2,3,141,SOLDIER,SHORT+AF8-RANGE+AF8-ANTI+AF8-TANK,33.3722582,35.4963246,459.254992
C,2,3,142,SOLDIER,SHORT+AF8-RANGE+AF8-ANTI+AF8-TANK,33.3722669,35.4963677,459.255026
C,2,3,143,SOLDIER,SHORT+AF8-RANGE+AF8-ANTI+AF8-TANK,33.372286,35.4963745,459.255167
C,2,3,144,SOLDIER,SHORT+AF8-RANGE+AF8-ANTI+AF8-TANK,33.3722722,35.4963493,459.255447
C,2,3,145,SOLDIER,SHORT+AF8-RANGE+AF8-ANTI+AF8-TANK,33.3722774,35.4963307,459.255477
C,2,3,146,SOLDIER,SHORT+AF8-RANGE+AF8-ANTI+AF8-TANK,33.3722911,35.496356,459.255623
C,2,3,147,SOLDIER,SHORT+AF8-RANGE+AF8-ANTI+AF8-TANK,33.3722959,35.4963374,459.255951
D,1,1,148,SOLDIER,SHORT+AF8-RANGE+AF8-ANTI+AF8-TANK,33.3725112,35.4967522,457.703772
D,1,1,149,SOLDIER,SHORT+AF8-RANGE+AF8-ANTI+AF8-TANK,33.3724922,35.496753,457.703772
D,1,1,150,SOLDIER,SHORT+AF8-RANGE+AF8-ANTI+AF8-TANK,33.3724731,35.4967533,457.703772
D,1,1,151,SOLDIER,SHORT+AF8-RANGE+AF8-ANTI+AF8-TANK,33.3724535,35.4967538,457.703772
D,1,1,152,SOLDIER,SHORT+AF8-RANGE+AF8-ANTI+AF8-TANK,33.372511,35.496729,457.703772
D,1,1,153,SOLDIER,SHORT+AF8-RANGE+AF8-ANTI+AF8-TANK,33.372491,35.4967291,457.703772
D,1,1,154,SOLDIER,SHORT+AF8-RANGE+AF8-ANTI+AF8-TANK,33.3724715,35.4967297,457.703772
D,1,1,155,SOLDIER,SHORT+AF8-RANGE+AF8-ANTI+AF8-TANK,33.3724524,35.4967306,457.703772
D,1,1,156,SOLDIER,SHORT+AF8-RANGE+AF8-ANTI+AF8-TANK,33.3724515,35.4967073,457.703772
D,1,1,157,SOLDIER,SHORT+AF8-RANGE+AF8-ANTI+AF8-TANK,33.3724506,35.4966833,457.703772
D,1,2,158,SOLDIER,SHORT+AF8-RANGE+AF8-ANTI+AF8-TANK,33.3725101,35.4967047,457.703772
D,1,2,159,SOLDIER,SHORT+AF8-RANGE+AF8-ANTI+AF8-TANK,33.3725091,35.496678,457.703772
D,1,2,160,SOLDIER,SHORT+AF8-RANGE+AF8-ANTI+AF8-TANK,33.3725184,35.4966596,457.703772
D,1,2,161,SOLDIER,SHORT+AF8-RANGE+AF8-ANTI+AF8-TANK,33.3724989,35.4966594,457.703772
D,1,2,162,SOLDIER,SHORT+AF8-RANGE+AF8-ANTI+AF8-TANK,33.3725002,35.4966937,457.703772
D,1,3,163,SOLDIER,SHORT+AF8-RANGE+AF8-ANTI+AF8-TANK,33.3725106,35.4966192,457.703772
D,1,3,164,SOLDIER,SHORT+AF8-RANGE+AF8-ANTI+AF8-TANK,33.3725144,35.4966425,457.703772
D,1,3,165,SOLDIER,SHORT+AF8-RANGE+AF8-ANTI+AF8-TANK,33.3724914,35.4966268,457.703772
D,1,3,166,SOLDIER,SHORT+AF8-RANGE+AF8-ANTI+AF8-TANK,33.3724875,35.4966427,457.703772
D,1,3,167,SOLDIER,SHORT+AF8-RANGE+AF8-ANTI+AF8-TANK,33.3724723,35.4966359,457.703772
D,1,3,168,SOLDIER,SHORT+AF8-RANGE+AF8-ANTI+AF8-TANK,33.3724787,35.4966551,457.703772
D,1,3,169,SOLDIER,SHORT+AF8-RANGE+AF8-ANTI+AF8-TANK,33.3724837,35.4966778,457.703772
D,1,3,170,SOLDIER,SHORT+AF8-RANGE+AF8-ANTI+AF8-TANK,33.3724519,35.4966362,457.703772
D,1,3,171,SOLDIER,SHORT+AF8-RANGE+AF8-ANTI+AF8-TANK,33.3724594,35.4966556,457.703772
D,1,3,172,SOLDIER,SHORT+AF8-RANGE+AF8-ANTI+AF8-TANK,33.3724404,35.4966635,457.703772
D,1,3,173,SOLDIER,SHORT+AF8-RANGE+AF8-ANTI+AF8-TANK,33.372433,35.4966411,457.703772
D,2,1,174,SOLDIER,SHORT+AF8-RANGE+AF8-ANTI+AF8-TANK,33.372485,35.4966322,460.703772
D,2,1,175,SOLDIER,SHORT+AF8-RANGE+AF8-ANTI+AF8-TANK,33.372466,35.4966401,460.703772
D,2,1,176,SOLDIER,SHORT+AF8-RANGE+AF8-ANTI+AF8-TANK,33.3724465,35.4966484,460.703772
D,2,1,177,SOLDIER,SHORT+AF8-RANGE+AF8-ANTI+AF8-TANK,33.3724275,35.4966565,460.703772
D,2,1,178,SOLDIER,SHORT+AF8-RANGE+AF8-ANTI+AF8-TANK,33.3724857,35.4966553,460.703772
D,2,1,179,SOLDIER,SHORT+AF8-RANGE+AF8-ANTI+AF8-TANK,33.372456,35.4966598,460.703772
D,2,1,180,SOLDIER,SHORT+AF8-RANGE+AF8-ANTI+AF8-TANK,33.3724406,35.4966641,460.703772
D,2,1,181,SOLDIER,SHORT+AF8-RANGE+AF8-ANTI+AF8-TANK,33.3724729,35.4966551,460.703772
D,2,2,182,SOLDIER,SHORT+AF8-RANGE+AF8-ANTI+AF8-TANK,33.3724565,35.4966761,460.703772
D,2,2,183,SOLDIER,SHORT+AF8-RANGE+AF8-ANTI+AF8-TANK,33.3724373,35.4966841,460.703772
D,2,2,184,SOLDIER,SHORT+AF8-RANGE+AF8-ANTI+AF8-TANK,33.3724579,35.496699,460.703772
D,2,2,185,SOLDIER,SHORT+AF8-RANGE+AF8-ANTI+AF8-TANK,33.3724391,35.4967072,460.703772
D,2,2,186,SOLDIER,SHORT+AF8-RANGE+AF8-ANTI+AF8-TANK,33.3724584,35.4967224,460.703772
D,2,2,187,SOLDIER,SHORT+AF8-RANGE+AF8-ANTI+AF8-TANK,33.3724595,35.4967455,460.703772
D,2,2,188,SOLDIER,SHORT+AF8-RANGE+AF8-ANTI+AF8-TANK,33.3724791,35.4967541,460.703772
D,2,2,189,SOLDIER,SHORT+AF8-RANGE+AF8-ANTI+AF8-TANK,33.3724988,35.4967561,460.703772
D,2,2,190,SOLDIER,SHORT+AF8-RANGE+AF8-ANTI+AF8-TANK,33.3724782,35.4967222,460.703772
D,2,2,191,SOLDIER,SHORT+AF8-RANGE+AF8-ANTI+AF8-TANK,33.3725091,35.4967272,462.238772
E,1,1,192,SOLDIER,SHORT+AF8-RANGE+AF8-ANTI+AF8-TANK,33.3721576,35.4959107,453.967371
E,1,1,193,SOLDIER,SHORT+AF8-RANGE+AF8-ANTI+AF8-TANK,33.3721464,35.4959299,453.967371
E,1,1,194,SOLDIER,SHORT+AF8-RANGE+AF8-ANTI+AF8-TANK,33.3721368,35.4959496,453.967371
E,1,1,195,SOLDIER,SHORT+AF8-RANGE+AF8-ANTI+AF8-TANK,33.3721268,35.4959691,453.967371
E,1,1,196,SOLDIER,SHORT+AF8-RANGE+AF8-ANTI+AF8-TANK,33.3721429,35.4959816,453.967371
E,1,1,197,SOLDIER,SHORT+AF8-RANGE+AF8-ANTI+AF8-TANK,33.3721532,35.4959622,453.967371
E,1,1,198,SOLDIER,SHORT+AF8-RANGE+AF8-ANTI+AF8-TANK,33.3721634,35.4959427,453.967371
E,1,1,199,SOLDIER,SHORT+AF8-RANGE+AF8-ANTI+AF8-TANK,33.3721736,35.495923,453.967371
E,1,2,200,SOLDIER,SHORT+AF8-RANGE+AF8-ANTI+AF8-TANK,33.3721725,35.4960371,453.967371
E,1,2,201,SOLDIER,SHORT+AF8-RANGE+AF8-ANTI+AF8-TANK,33.3721852,35.4960203,453.967371
E,1,2,202,SOLDIER,SHORT+AF8-RANGE+AF8-ANTI+AF8-TANK,33.3721924,35.4959978,453.967371
E,1,2,203,SOLDIER,SHORT+AF8-RANGE+AF8-ANTI+AF8-TANK,33.3722024,35.4959783,453.967371
E,1,2,204,SOLDIER,SHORT+AF8-RANGE+AF8-ANTI+AF8-TANK,33.372213,35.4959584,453.967371
E,1,2,205,SOLDIER,SHORT+AF8-RANGE+AF8-ANTI+AF8-TANK,33.3721968,35.4959456,453.967371
E,1,2,206,SOLDIER,SHORT+AF8-RANGE+AF8-ANTI+AF8-TANK,33.3721864,35.4959657,453.967371
E,1,2,207,SOLDIER,SHORT+AF8-RANGE+AF8-ANTI+AF8-TANK,33.3721763,35.495985,453.967371
E,1,3,208,SOLDIER,SHORT+AF8-RANGE+AF8-ANTI+AF8-TANK,33.3721679,35.4958903,453.967371
E,1,3,209,SOLDIER,SHORT+AF8-RANGE+AF8-ANTI+AF8-TANK,33.3721838,35.4959032,453.967371
E,1,3,210,SOLDIER,SHORT+AF8-RANGE+AF8-ANTI+AF8-TANK,33.3722005,35.4959158,453.967371
E,1,3,211,SOLDIER,SHORT+AF8-RANGE+AF8-ANTI+AF8-TANK,33.3722107,35.4958957,453.967371
E,1,3,212,SOLDIER,SHORT+AF8-RANGE+AF8-ANTI+AF8-TANK,33.3722169,35.4959283,453.967371
E,1,3,213,SOLDIER,SHORT+AF8-RANGE+AF8-ANTI+AF8-TANK,33.3722331,35.4959407,453.967371
E,1,3,214,SOLDIER,SHORT+AF8-RANGE+AF8-ANTI+AF8-TANK,33.3722265,35.4959087,453.967371
E,1,3,215,SOLDIER,SHORT+AF8-RANGE+AF8-ANTI+AF8-TANK,33.3722429,35.4959209,453.967371
F,1,1,216,SOLDIER,SHORT+AF8-RANGE+AF8-ANTI+AF8-TANK,33.3725856,35.4956689,449.964612
F,1,1,217,SOLDIER,SHORT+AF8-RANGE+AF8-ANTI+AF8-TANK,33.3725872,35.4956921,449.964612
F,1,1,218,SOLDIER,SHORT+AF8-RANGE+AF8-ANTI+AF8-TANK,33.372589,35.4957147,449.964612
F,1,1,219,SOLDIER,SHORT+AF8-RANGE+AF8-ANTI+AF8-TANK,33.3726084,35.4957129,449.964611
F,1,1,220,SOLDIER,SHORT+AF8-RANGE+AF8-ANTI+AF8-TANK,33.3726277,35.4957108,449.964609
F,1,1,221,SOLDIER,SHORT+AF8-RANGE+AF8-ANTI+AF8-TANK,33.3726506,35.4957087,449.964607
F,1,1,222,SOLDIER,SHORT+AF8-RANGE+AF8-ANTI+AF8-TANK,33.3726732,35.4957069,449.964606
F,1,1,223,SOLDIER,SHORT+AF8-RANGE+AF8-ANTI+AF8-TANK,33.3726066,35.4956903,449.964611
F,1,1,224,SOLDIER,SHORT+AF8-RANGE+AF8-ANTI+AF8-TANK,33.3726049,35.4956668,449.964611
F,1,1,225,SOLDIER,SHORT+AF8-RANGE+AF8-ANTI+AF8-TANK,33.372626,35.4956881,449.964609
F,1,1,226,SOLDIER,SHORT+AF8-RANGE+AF8-ANTI+AF8-TANK,33.3726244,35.495665,449.964609
F,1,1,227,SOLDIER,SHORT+AF8-RANGE+AF8-ANTI+AF8-TANK,33.3726488,35.4956856,449.964608
F,1,1,228,SOLDIER,SHORT+AF8-RANGE+AF8-ANTI+AF8-TANK,33.3726468,35.4956628,449.964608
F,1,1,229,SOLDIER,SHORT+AF8-RANGE+AF8-ANTI+AF8-TANK,33.3726713,35.495683,449.964606
F,1,1,230,SOLDIER,SHORT+AF8-RANGE+AF8-ANTI+AF8-TANK,33.3726693,35.4956603,449.964606
F,1,1,231,SOLDIER,SHORT+AF8-RANGE+AF8-ANTI+AF8-TANK,33.3725821,35.4957596,449.964332
F,1,2,232,SOLDIER,SHORT+AF8-RANGE+AF8-ANTI+AF8-TANK,33.3725834,35.4957823,449.964333
F,1,2,233,SOLDIER,SHORT+AF8-RANGE+AF8-ANTI+AF8-TANK,33.372585,35.4958059,449.964332
F,1,2,234,SOLDIER,SHORT+AF8-RANGE+AF8-ANTI+AF8-TANK,33.3725862,35.4958288,449.96433
F,1,2,235,SOLDIER,SHORT+AF8-RANGE+AF8-ANTI+AF8-TANK,33.3725869,35.4958427,449.964329
F,1,2,236,SOLDIER,SHORT+AF8-RANGE+AF8-ANTI+AF8-TANK,33.3726559,35.495791,449.964607
F,1,3,237,SOLDIER,SHORT+AF8-RANGE+AF8-ANTI+AF8-TANK,33.3726578,35.4958142,449.964607
F,1,3,238,SOLDIER,SHORT+AF8-RANGE+AF8-ANTI+AF8-TANK,33.3726368,35.495793,449.964556
F,1,3,239,SOLDIER,SHORT+AF8-RANGE+AF8-ANTI+AF8-TANK,33.3726175,35.4957947,449.964435
F,1,3,240,SOLDIER,SHORT+AF8-RANGE+AF8-ANTI+AF8-TANK,33.3726011,35.4957965,449.964384
F,1,3,241,SOLDIER,SHORT+AF8-RANGE+AF8-ANTI+AF8-TANK,33.3726387,35.4958156,449.964496
F,1,3,242,SOLDIER,SHORT+AF8-RANGE+AF8-ANTI+AF8-TANK,33.3726192,35.4958175,449.964435
F,1,3,243,SOLDIER,SHORT+AF8-RANGE+AF8-ANTI+AF8-TANK,33.3726407,35.4958389,449.964496
F,1,3,244,SOLDIER,SHORT+AF8-RANGE+AF8-ANTI+AF8-TANK,33.3726216,35.4958412,449.964436
F,1,3,245,SOLDIER,SHORT+AF8-RANGE+AF8-ANTI+AF8-TANK,33.3726035,35.4958199,449.964386
F,1,3,246,SOLDIER,SHORT+AF8-RANGE+AF8-ANTI+AF8-TANK,33.3726056,35.4958422,449.964387
G,1,1,247,SOLDIER,SHORT+AF8-RANGE+AF8-ANTI+AF8-TANK,33.3726996,35.4959565,451.062384
G,1,1,248,SOLDIER,SHORT+AF8-RANGE+AF8-ANTI+AF8-TANK,33.3727029,35.4959343,451.062384
G,1,1,249,SOLDIER,SHORT+AF8-RANGE+AF8-ANTI+AF8-TANK,33.3727068,35.495912,451.062384
G,1,1,250,SOLDIER,SHORT+AF8-RANGE+AF8-ANTI+AF8-TANK,33.3727105,35.495889,451.062384
G,1,1,251,SOLDIER,SHORT+AF8-RANGE+AF8-ANTI+AF8-TANK,33.3727186,35.4959612,451.062384
G,1,1,252,SOLDIER,SHORT+AF8-RANGE+AF8-ANTI+AF8-TANK,33.3727228,35.4959379,451.062384
G,1,1,253,SOLDIER,SHORT+AF8-RANGE+AF8-ANTI+AF8-TANK,33.3727264,35.495915,451.062384
G,1,1,254,SOLDIER,SHORT+AF8-RANGE+AF8-ANTI+AF8-TANK,33.3727297,35.4958926,451.062384
G,1,1,255,SOLDIER,SHORT+AF8-RANGE+AF8-ANTI+AF8-TANK,33.372749,35.4958965,451.062384
G,1,1,256,SOLDIER,SHORT+AF8-RANGE+AF8-ANTI+AF8-TANK,33.3727689,35.4959006,451.062384
G,1,2,257,SOLDIER,SHORT+AF8-RANGE+AF8-ANTI+AF8-TANK,33.3727358,35.4959695,451.062384
G,1,2,258,SOLDIER,SHORT+AF8-RANGE+AF8-ANTI+AF8-TANK,33.3727582,35.4959721,451.062384
G,1,2,259,SOLDIER,SHORT+AF8-RANGE+AF8-ANTI+AF8-TANK,33.3727721,35.4959857,451.062384
G,1,2,260,SOLDIER,SHORT+AF8-RANGE+AF8-ANTI+AF8-TANK,33.3727751,35.4959628,451.062384
G,1,2,261,SOLDIER,SHORT+AF8-RANGE+AF8-ANTI+AF8-TANK,33.3727464,35.4959594,451.062384
G,1,3,262,SOLDIER,SHORT+AF8-RANGE+AF8-ANTI+AF8-TANK,33.3728013,35.4959919,451.062384
G,1,3,263,SOLDIER,SHORT+AF8-RANGE+AF8-ANTI+AF8-TANK,33.3727817,35.495988,451.062384
G,1,3,264,SOLDIER,SHORT+AF8-RANGE+AF8-ANTI+AF8-TANK,33.3728021,35.4959678,451.062384
G,1,3,265,SOLDIER,SHORT+AF8-RANGE+AF8-ANTI+AF8-TANK,33.372791,35.4959579,451.062384
G,1,3,266,SOLDIER,SHORT+AF8-RANGE+AF8-ANTI+AF8-TANK,33.3728017,35.4959433,451.062384
G,1,3,267,SOLDIER,SHORT+AF8-RANGE+AF8-ANTI+AF8-TANK,33.3727844,35.4959438,451.062384
G,1,3,268,SOLDIER,SHORT+AF8-RANGE+AF8-ANTI+AF8-TANK,33.3727648,35.4959414,451.062384
G,1,3,269,SOLDIER,SHORT+AF8-RANGE+AF8-ANTI+AF8-TANK,33.3728086,35.4959205,451.062384
G,1,3,270,SOLDIER,SHORT+AF8-RANGE+AF8-ANTI+AF8-TANK,33.3727907,35.495922,451.062384
G,1,3,271,SOLDIER,SHORT+AF8-RANGE+AF8-ANTI+AF8-TANK,33.3727912,35.495898,451.062384
G,1,3,272,SOLDIER,SHORT+AF8-RANGE+AF8-ANTI+AF8-TANK,33.3728113,35.4958977,451.062384
G,2,1,273,SOLDIER,SHORT+AF8-RANGE+AF8-ANTI+AF8-TANK,33.3727852,35.4958829,454.062384
G,2,1,274,SOLDIER,SHORT+AF8-RANGE+AF8-ANTI+AF8-TANK,33.372787,35.4959069,454.062384
G,2,1,275,SOLDIER,SHORT+AF8-RANGE+AF8-ANTI+AF8-TANK,33.3727891,35.4959314,454.062384
G,2,1,276,SOLDIER,SHORT+AF8-RANGE+AF8-ANTI+AF8-TANK,33.372791,35.4959554,454.062384
G,2,1,277,SOLDIER,SHORT+AF8-RANGE+AF8-ANTI+AF8-TANK,33.3728042,35.4958877,454.062384
G,2,1,278,SOLDIER,SHORT+AF8-RANGE+AF8-ANTI+AF8-TANK,33.3728007,35.4959232,454.062384
G,2,1,279,SOLDIER,SHORT+AF8-RANGE+AF8-ANTI+AF8-TANK,33.3728004,35.495942,454.062384
G,2,1,280,SOLDIER,SHORT+AF8-RANGE+AF8-ANTI+AF8-TANK,33.3728009,35.4959025,454.062384
G,2,2,281,SOLDIER,SHORT+AF8-RANGE+AF8-ANTI+AF8-TANK,33.3727702,35.4959066,454.062384
G,2,2,282,SOLDIER,SHORT+AF8-RANGE+AF8-ANTI+AF8-TANK,33.3727655,35.4958831,454.062384
G,2,2,283,SOLDIER,SHORT+AF8-RANGE+AF8-ANTI+AF8-TANK,33.3727507,35.4959046,454.062384
G,2,2,284,SOLDIER,SHORT+AF8-RANGE+AF8-ANTI+AF8-TANK,33.3727482,35.4958822,454.062384
G,2,2,285,SOLDIER,SHORT+AF8-RANGE+AF8-ANTI+AF8-TANK,33.3727317,35.4959007,454.062384
G,2,2,286,SOLDIER,SHORT+AF8-RANGE+AF8-ANTI+AF8-TANK,33.3727121,35.4958968,454.062384
G,2,2,287,SOLDIER,SHORT+AF8-RANGE+AF8-ANTI+AF8-TANK,33.3727021,35.4959221,454.062384
G,2,2,288,SOLDIER,SHORT+AF8-RANGE+AF8-ANTI+AF8-TANK,33.3726965,35.495944,454.062384
G,2,2,289,SOLDIER,SHORT+AF8-RANGE+AF8-ANTI+AF8-TANK,33.3727298,35.495924,454.062384
G,2,2,290,SOLDIER,SHORT+AF8-RANGE+AF8-ANTI+AF8-TANK,33.3727208,35.4959613,455.597384
H,1,1,291,SOLDIER,SHORT+AF8-RANGE+AF8-ANTI+AF8-TANK,33.3730202,35.4959092,447.596375
H,1,1,292,SOLDIER,SHORT+AF8-RANGE+AF8-ANTI+AF8-TANK,33.3730773,35.4958578,447.596355
H,1,1,293,SOLDIER,SHORT+AF8-RANGE+AF8-ANTI+AF8-TANK,33.3730792,35.4958809,447.596474
H,1,1,294,SOLDIER,SHORT+AF8-RANGE+AF8-ANTI+AF8-TANK,33.3730814,35.4959038,447.596594
H,1,1,295,SOLDIER,SHORT+AF8-RANGE+AF8-ANTI+AF8-TANK,33.3730186,35.495886,447.596312
H,1,1,296,SOLDIER,SHORT+AF8-RANGE+AF8-ANTI+AF8-TANK,33.3730163,35.4958632,447.596286
H,1,1,297,SOLDIER,SHORT+AF8-RANGE+AF8-ANTI+AF8-TANK,33.3730395,35.4959074,447.596412
H,1,1,298,SOLDIER,SHORT+AF8-RANGE+AF8-ANTI+AF8-TANK,33.3730375,35.4958841,447.596303
H,1,1,299,SOLDIER,SHORT+AF8-RANGE+AF8-ANTI+AF8-TANK,33.3730357,35.4958615,447.59625
H,1,1,300,SOLDIER,SHORT+AF8-RANGE+AF8-ANTI+AF8-TANK,33.3730584,35.4959051,447.596491
H,1,1,301,SOLDIER,SHORT+AF8-RANGE+AF8-ANTI+AF8-TANK,33.3730566,35.4958823,447.596374
H,1,1,302,SOLDIER,SHORT+AF8-RANGE+AF8-ANTI+AF8-TANK,33.3730551,35.4958593,447.596256
H,1,2,303,SOLDIER,SHORT+AF8-RANGE+AF8-ANTI+AF8-TANK,33.3730704,35.4958115,447.596124
H,1,2,304,SOLDIER,SHORT+AF8-RANGE+AF8-ANTI+AF8-TANK,33.3730716,35.4958305,447.596197
H,1,2,305,SOLDIER,SHORT+AF8-RANGE+AF8-ANTI+AF8-TANK,33.3730513,35.4958119,447.59617
H,1,2,306,SOLDIER,SHORT+AF8-RANGE+AF8-ANTI+AF8-TANK,33.3730523,35.4958315,447.596177
H,1,2,307,SOLDIER,SHORT+AF8-RANGE+AF8-ANTI+AF8-TANK,33.3730318,35.4958141,447.596219
H,1,2,308,SOLDIER,SHORT+AF8-RANGE+AF8-ANTI+AF8-TANK,33.3730101,35.4958336,447.596286
H,1,2,309,SOLDIER,SHORT+AF8-RANGE+AF8-ANTI+AF8-TANK,33.373009,35.4958147,447.596274
H,1,2,310,SOLDIER,SHORT+AF8-RANGE+AF8-ANTI+AF8-TANK,33.373033,35.4958334,447.59623
H,1,3,311,SOLDIER,SHORT+AF8-RANGE+AF8-ANTI+AF8-TANK,33.3729612,35.4958237,447.596398
H,1,3,312,SOLDIER,SHORT+AF8-RANGE+AF8-ANTI+AF8-TANK,33.3729773,35.4958222,447.596357
H,1,3,313,SOLDIER,SHORT+AF8-RANGE+AF8-ANTI+AF8-TANK,33.3729932,35.4958205,447.596317
H,1,3,314,SOLDIER,SHORT+AF8-RANGE+AF8-ANTI+AF8-TANK,33.372963,35.4958469,447.596406
H,1,3,315,SOLDIER,SHORT+AF8-RANGE+AF8-ANTI+AF8-TANK,33.3729646,35.4958701,447.596406
H,1,3,316,SOLDIER,SHORT+AF8-RANGE+AF8-ANTI+AF8-TANK,33.372979,35.4958456,447.596371
H,1,3,317,SOLDIER,SHORT+AF8-RANGE+AF8-ANTI+AF8-TANK,33.3729953,35.4958441,447.59633
H,1,3,318,SOLDIER,SHORT+AF8-RANGE+AF8-ANTI+AF8-TANK,33.372981,35.4958686,447.596383
H,1,3,319,SOLDIER,SHORT+AF8-RANGE+AF8-ANTI+AF8-TANK,33.3729969,35.4958667,447.596342
H,2,1,320,SOLDIER,SHORT+AF8-RANGE+AF8-ANTI+AF8-TANK,33.3730762,35.4958605,450.796432
H,2,1,321,SOLDIER,SHORT+AF8-RANGE+AF8-ANTI+AF8-TANK,33.3730775,35.4958838,450.796434
H,2,1,322,SOLDIER,SHORT+AF8-RANGE+AF8-ANTI+AF8-TANK,33.3730794,35.4959069,450.796434
H,2,1,323,SOLDIER,SHORT+AF8-RANGE+AF8-ANTI+AF8-TANK,33.3730569,35.4958618,450.796473
H,2,1,324,SOLDIER,SHORT+AF8-RANGE+AF8-ANTI+AF8-TANK,33.3730584,35.4958851,450.796475
H,2,1,325,SOLDIER,SHORT+AF8-RANGE+AF8-ANTI+AF8-TANK,33.3730594,35.4959079,450.796478
H,2,1,326,SOLDIER,SHORT+AF8-RANGE+AF8-ANTI+AF8-TANK,33.373038,35.4958636,450.796817
H,2,1,327,SOLDIER,SHORT+AF8-RANGE+AF8-ANTI+AF8-TANK,33.3730391,35.4958862,450.796517
H,2,1,328,SOLDIER,SHORT+AF8-RANGE+AF8-ANTI+AF8-TANK,33.3730393,35.4959094,450.796521
H,2,1,329,SOLDIER,SHORT+AF8-RANGE+AF8-ANTI+AF8-TANK,33.3730181,35.4959104,450.796687
H,2,1,330,SOLDIER,SHORT+AF8-RANGE+AF8-ANTI+AF8-TANK,33.3730165,35.4958875,450.797184
H,2,1,331,SOLDIER,SHORT+AF8-RANGE+AF8-ANTI+AF8-TANK,33.3730149,35.4958643,450.797581
H,2,2,332,SOLDIER,SHORT+AF8-RANGE+AF8-ANTI+AF8-TANK,33.3730734,35.4958095,450.79649
H,2,2,333,SOLDIER,SHORT+AF8-RANGE+AF8-ANTI+AF8-TANK,33.3730748,35.4958288,450.796428
H,2,2,334,SOLDIER,SHORT+AF8-RANGE+AF8-ANTI+AF8-TANK,33.3730544,35.4958112,450.796666
H,2,2,335,SOLDIER,SHORT+AF8-RANGE+AF8-ANTI+AF8-TANK,33.3730555,35.4958308,450.79677
H,2,2,336,SOLDIER,SHORT+AF8-RANGE+AF8-ANTI+AF8-TANK,33.3730349,35.4958136,450.796637
H,2,2,337,SOLDIER,SHORT+AF8-RANGE+AF8-ANTI+AF8-TANK,33.3730135,35.4958339,450.796961
H,2,2,338,SOLDIER,SHORT+AF8-RANGE+AF8-ANTI+AF8-TANK,33.3730115,35.4958157,450.796584
H,2,2,339,SOLDIER,SHORT+AF8-RANGE+AF8-ANTI+AF8-TANK,33.3730362,35.4958329,450.797031
H,2,3,340,SOLDIER,SHORT+AF8-RANGE+AF8-ANTI+AF8-TANK,33.3729614,35.4958192,450.796441
H,2,3,341,SOLDIER,SHORT+AF8-RANGE+AF8-ANTI+AF8-TANK,33.3729771,35.4958185,450.796504
H,2,3,342,SOLDIER,SHORT+AF8-RANGE+AF8-ANTI+AF8-TANK,33.3729935,35.4958181,450.796561
H,2,3,343,SOLDIER,SHORT+AF8-RANGE+AF8-ANTI+AF8-TANK,33.3729623,35.4958423,450.796546
H,2,3,344,SOLDIER,SHORT+AF8-RANGE+AF8-ANTI+AF8-TANK,33.3729633,35.4958659,450.796646
H,2,3,345,SOLDIER,SHORT+AF8-RANGE+AF8-ANTI+AF8-TANK,33.3729786,35.495842,450.796984
H,2,3,346,SOLDIER,SHORT+AF8-RANGE+AF8-ANTI+AF8-TANK,33.372995,35.4958417,450.797044
H,2,3,347,SOLDIER,SHORT+AF8-RANGE+AF8-ANTI+AF8-TANK,33.3729796,35.4958655,450.797109
H,2,3,348,SOLDIER,SHORT+AF8-RANGE+AF8-ANTI+AF8-TANK,33.3729959,35.4958647,450.797513
I,1,1,349,SOLDIER,SHORT+AF8-RANGE+AF8-ANTI+AF8-TANK,33.373385,35.4958199,445.39115
I,1,1,350,SOLDIER,SHORT+AF8-RANGE+AF8-ANTI+AF8-TANK,33.3733944,35.4958387,445.39115
I,1,1,351,SOLDIER,SHORT+AF8-RANGE+AF8-ANTI+AF8-TANK,33.3734054,35.4958577,445.39115
I,1,1,352,SOLDIER,SHORT+AF8-RANGE+AF8-ANTI+AF8-TANK,33.3734171,35.4958768,445.39115
I,1,1,353,SOLDIER,SHORT+AF8-RANGE+AF8-ANTI+AF8-TANK,33.3733687,35.4958325,445.39115
I,1,1,354,SOLDIER,SHORT+AF8-RANGE+AF8-ANTI+AF8-TANK,33.3733795,35.4958526,445.39115
I,1,1,355,SOLDIER,SHORT+AF8-RANGE+AF8-ANTI+AF8-TANK,33.3733905,35.4958719,445.39115
I,1,1,356,SOLDIER,SHORT+AF8-RANGE+AF8-ANTI+AF8-TANK,33.3734013,35.4958906,445.39115
I,1,1,357,SOLDIER,SHORT+AF8-RANGE+AF8-ANTI+AF8-TANK,33.3733853,35.495904,445.39115
I,1,1,358,SOLDIER,SHORT+AF8-RANGE+AF8-ANTI+AF8-TANK,33.3733689,35.4959178,445.39115
I,1,2,359,SOLDIER,SHORT+AF8-RANGE+AF8-ANTI+AF8-TANK,33.3733495,35.4958441,445.39115
I,1,2,360,SOLDIER,SHORT+AF8-RANGE+AF8-ANTI+AF8-TANK,33.3733329,35.4958623,445.39115
I,1,2,361,SOLDIER,SHORT+AF8-RANGE+AF8-ANTI+AF8-TANK,33.3733151,35.4958655,445.39115
I,1,2,362,SOLDIER,SHORT+AF8-RANGE+AF8-ANTI+AF8-TANK,33.3733275,35.4958835,445.39115
I,1,2,363,SOLDIER,SHORT+AF8-RANGE+AF8-ANTI+AF8-TANK,33.3733487,35.4958602,445.39115
I,1,3,364,SOLDIER,SHORT+AF8-RANGE+AF8-ANTI+AF8-TANK,33.3732899,35.4958977,445.39115
I,1,3,365,SOLDIER,SHORT+AF8-RANGE+AF8-ANTI+AF8-TANK,33.3733038,35.4958808,445.39115
I,1,3,366,SOLDIER,SHORT+AF8-RANGE+AF8-ANTI+AF8-TANK,33.373306,35.4959123,445.39115
I,1,3,367,SOLDIER,SHORT+AF8-RANGE+AF8-ANTI+AF8-TANK,33.3733192,35.4959071,445.39115
I,1,3,368,SOLDIER,SHORT+AF8-RANGE+AF8-ANTI+AF8-TANK,33.3733231,35.4959259,445.39115
I,1,3,369,SOLDIER,SHORT+AF8-RANGE+AF8-ANTI+AF8-TANK,33.3733327,35.4959087,445.39115
I,1,3,370,SOLDIER,SHORT+AF8-RANGE+AF8-ANTI+AF8-TANK,33.3733456,35.495891,445.39115
I,1,3,371,SOLDIER,SHORT+AF8-RANGE+AF8-ANTI+AF8-TANK,33.3733365,35.4959436,445.39115
I,1,3,372,SOLDIER,SHORT+AF8-RANGE+AF8-ANTI+AF8-TANK,33.373344,35.4959274,445.39115
I,1,3,373,SOLDIER,SHORT+AF8-RANGE+AF8-ANTI+AF8-TANK,33.3733615,35.4959452,445.39115
I,1,3,374,SOLDIER,SHORT+AF8-RANGE+AF8-ANTI+AF8-TANK,33.3733499,35.4959602,445.39115
I,2,1,375,SOLDIER,SHORT+AF8-RANGE+AF8-ANTI+AF8-TANK,33.3733156,35.4959139,448.39115
I,2,1,376,SOLDIER,SHORT+AF8-RANGE+AF8-ANTI+AF8-TANK,33.3733298,35.4959311,448.39115
I,2,1,377,SOLDIER,SHORT+AF8-RANGE+AF8-ANTI+AF8-TANK,33.3733444,35.4959485,448.39115
I,2,1,378,SOLDIER,SHORT+AF8-RANGE+AF8-ANTI+AF8-TANK,33.373363,35.495961,445.204773
I,2,1,379,SOLDIER,SHORT+AF8-RANGE+AF8-ANTI+AF8-TANK,33.3733329,35.4959034,448.39115
I,2,1,380,SOLDIER,SHORT+AF8-RANGE+AF8-ANTI+AF8-TANK,33.373349,35.4959334,448.39115
I,2,1,381,SOLDIER,SHORT+AF8-RANGE+AF8-ANTI+AF8-TANK,33.3733588,35.4959482,448.39115
I,2,1,382,SOLDIER,SHORT+AF8-RANGE+AF8-ANTI+AF8-TANK,33.3733382,35.4959172,448.39115
I,2,2,383,SOLDIER,SHORT+AF8-RANGE+AF8-ANTI+AF8-TANK,33.3733657,35.4959177,448.39115
I,2,2,384,SOLDIER,SHORT+AF8-RANGE+AF8-ANTI+AF8-TANK,33.3733817,35.495931,448.39115
I,2,2,385,SOLDIER,SHORT+AF8-RANGE+AF8-ANTI+AF8-TANK,33.3733811,35.4959036,448.39115
I,2,2,386,SOLDIER,SHORT+AF8-RANGE+AF8-ANTI+AF8-TANK,33.3733935,35.4959167,448.39115
I,2,2,387,SOLDIER,SHORT+AF8-RANGE+AF8-ANTI+AF8-TANK,33.3733947,35.4958921,448.39115
I,2,2,388,SOLDIER,SHORT+AF8-RANGE+AF8-ANTI+AF8-TANK,33.3734127,35.4958766,448.39115
I,2,2,389,SOLDIER,SHORT+AF8-RANGE+AF8-ANTI+AF8-TANK,33.3734034,35.4958511,448.39115
I,2,2,390,SOLDIER,SHORT+AF8-RANGE+AF8-ANTI+AF8-TANK,33.3733923,35.4958311,448.39115
I,2,2,391,SOLDIER,SHORT+AF8-RANGE+AF8-ANTI+AF8-TANK,33.3733831,35.4958734,448.39115
I,2,2,392,SOLDIER,SHORT+AF8-RANGE+AF8-ANTI+AF8-TANK,33.3733677,35.4958386,449.92615
O,1,1,393,SOLDIER,SHORT+AF8-RANGE+AF8-ANTI+AF8-TANK,33.3731996,35.49545,440.83593
O,1,1,394,SOLDIER,SHORT+AF8-RANGE+AF8-ANTI+AF8-TANK,33.3732063,35.4954064,440.364983
O,1,1,395,SOLDIER,SHORT+AF8-RANGE+AF8-ANTI+AF8-TANK,33.3732178,35.495364,439.935906
O,1,1,396,SOLDIER,SHORT+AF8-RANGE+AF8-ANTI+AF8-TANK,33.3732282,35.4953257,439.548028
O,1,1,397,SOLDIER,SHORT+AF8-RANGE+AF8-ANTI+AF8-TANK,33.3731829,35.4953426,439.957055
O,1,1,398,SOLDIER,SHORT+AF8-RANGE+AF8-ANTI+AF8-TANK,33.3731767,35.4953824,440.335137
O,1,1,399,SOLDIER,SHORT+AF8-RANGE+AF8-ANTI+AF8-TANK,33.3731699,35.4954217,440.722191
O,1,1,400,SOLDIER,SHORT+AF8-RANGE+AF8-ANTI+AF8-TANK,33.3731675,35.495454,441.201287
O,1,1,401,SOLDIER,SHORT+AF8-RANGE+AF8-ANTI+AF8-TANK,33.3731613,35.4954899,441.85888
O,1,1,402,SOLDIER,SHORT+AF8-RANGE+AF8-ANTI+AF8-TANK,33.3731576,35.4955462,442.836388
O,1,1,403,SOLDIER,SHORT+AF8-RANGE+AF8-ANTI+AF8-TANK,33.3731506,35.4955973,443.756707
O,1,1,404,SOLDIER,SHORT+AF8-RANGE+AF8-ANTI+AF8-TANK,33.3731578,35.4956323,444.140709
O,1,1,405,SOLDIER,SHORT+AF8-RANGE+AF8-ANTI+AF8-TANK,33.3731372,35.4956269,444.376824
O,1,1,406,SOLDIER,SHORT+AF8-RANGE+AF8-ANTI+AF8-TANK,33.3731293,35.4955634,443.385857
O,1,1,407,SOLDIER,SHORT+AF8-RANGE+AF8-ANTI+AF8-TANK,33.3731387,35.4955036,442.297814
O,1,1,408,SOLDIER,SHORT+AF8-RANGE+AF8-ANTI+AF8-TANK,33.3731494,35.49545,441.301903
O,1,1,409,SOLDIER,SHORT+AF8-RANGE+AF8-ANTI+AF8-TANK,33.373157,35.4954076,440.661767
O,1,1,410,SOLDIER,SHORT+AF8-RANGE+AF8-ANTI+AF8-TANK,33.3731611,35.4953538,440.181603
O,1,1,411,SOLDIER,SHORT+AF8-RANGE+AF8-ANTI+AF8-TANK,33.3731319,35.49536,440.407219
O,1,1,412,SOLDIER,SHORT+AF8-RANGE+AF8-ANTI+AF8-TANK,33.3731275,35.4953914,440.700432
O,1,1,413,SOLDIER,SHORT+AF8-RANGE+AF8-ANTI+AF8-TANK,33.3731176,35.4954329,441.361596
O,1,1,414,SOLDIER,SHORT+AF8-RANGE+AF8-ANTI+AF8-TANK,33.3731088,35.4954721,442.049462
O,1,1,415,SOLDIER,SHORT+AF8-RANGE+AF8-ANTI+AF8-TANK,33.3731054,35.4955138,442.779503
O,1,1,416,SOLDIER,SHORT+AF8-RANGE+AF8-ANTI+AF8-TANK,33.3731007,35.4955434,443.318322
O,1,1,417,SOLDIER,SHORT+AF8-RANGE+AF8-ANTI+AF8-TANK,33.3730965,35.4955824,444.008721
O,1,1,418,SOLDIER,SHORT+AF8-RANGE+AF8-ANTI+AF8-TANK,33.3730817,35.4956179,444.740929
O,1,1,419,SOLDIER,SHORT+AF8-RANGE+AF8-ANTI+AF8-TANK,33.3730611,35.4956104,444.806939
O,1,1,420,SOLDIER,SHORT+AF8-RANGE+AF8-ANTI+AF8-TANK,33.3730595,35.4955686,444.122857
O,1,1,421,SOLDIER,SHORT+AF8-RANGE+AF8-ANTI+AF8-TANK,33.373066,35.4955204,443.254296
O,1,1,422,SOLDIER,SHORT+AF8-RANGE+AF8-ANTI+AF8-TANK,33.3730759,35.495479,442.468987
O,1,1,423,SOLDIER,SHORT+AF8-RANGE+AF8-ANTI+AF8-TANK,33.373084,35.4954347,441.699334
O,1,1,424,SOLDIER,SHORT+AF8-RANGE+AF8-ANTI+AF8-TANK,33.3730882,35.4953999,441.181298
O,1,1,425,SOLDIER,SHORT+AF8-RANGE+AF8-ANTI+AF8-TANK,33.3731002,35.4953525,440.530907
O,1,1,426,SOLDIER,SHORT+AF8-RANGE+AF8-ANTI+AF8-TANK,33.3730317,35.4954743,442.802056
O,1,1,427,SOLDIER,SHORT+AF8-RANGE+AF8-ANTI+AF8-TANK,33.3730236,35.4955145,443.549584
O,1,1,428,SOLDIER,SHORT+AF8-RANGE+AF8-ANTI+AF8-TANK,33.3730142,35.495569,444.549035
O,1,1,429,SOLDIER,SHORT+AF8-RANGE+AF8-ANTI+AF8-TANK,33.3730204,35.4955973,444.965539
O,1,1,430,SOLDIER,SHORT+AF8-RANGE+AF8-ANTI+AF8-TANK,33.3729827,35.4955842,445.097375
O,1,1,431,SOLDIER,SHORT+AF8-RANGE+AF8-ANTI+AF8-TANK,33.3729949,35.4955506,444.420617
O,1,1,432,SOLDIER,SHORT+AF8-RANGE+AF8-ANTI+AF8-TANK,33.3730001,35.4955051,443.611077
O,1,1,433,SOLDIER,SHORT+AF8-RANGE+AF8-ANTI+AF8-TANK,33.3730035,35.49546,442.823693
O,1,1,434,SOLDIER,SHORT+AF8-RANGE+AF8-ANTI+AF8-TANK,33.3732465,35.4953376,439.543297
O,1,1,435,SOLDIER,SHORT+AF8-RANGE+AF8-ANTI+AF8-TANK,33.3732405,35.4953756,439.902825
O,1,1,436,SOLDIER,SHORT+AF8-RANGE+AF8-ANTI+AF8-TANK,33.3732308,35.4954223,440.358025
O,1,1,437,SOLDIER,SHORT+AF8-RANGE+AF8-ANTI+AF8-TANK,33.3732267,35.4954559,440.705773
O,1,1,438,SOLDIER,SHORT+AF8-RANGE+AF8-ANTI+AF8-TANK,33.3732233,35.4954902,441.165886
O,1,1,439,SOLDIER,SHORT+AF8-RANGE+AF8-ANTI+AF8-TANK,33.3732189,35.495517,441.46917
O,1,1,440,SOLDIER,SHORT+AF8-RANGE+AF8-ANTI+AF8-TANK,33.3732152,35.4955468,441.845971
O,1,1,441,SOLDIER,SHORT+AF8-RANGE+AF8-ANTI+AF8-TANK,33.3732123,35.495583,442.334496
O,1,1,442,SOLDIER,SHORT+AF8-RANGE+AF8-ANTI+AF8-TANK,33.3732084,35.4956116,442.758721
O,1,1,443,SOLDIER,SHORT+AF8-RANGE+AF8-ANTI+AF8-TANK,33.3732058,35.4956406,443.157311
O,1,1,444,SOLDIER,SHORT+AF8-RANGE+AF8-ANTI+AF8-TANK,33.3731826,35.4956375,443.64251
O,1,1,445,SOLDIER,SHORT+AF8-RANGE+AF8-ANTI+AF8-TANK,33.3731826,35.4955892,443.07589
O,1,1,446,SOLDIER,SHORT+AF8-RANGE+AF8-ANTI+AF8-TANK,33.3731845,35.4955484,442.555993
O,1,1,447,SOLDIER,SHORT+AF8-RANGE+AF8-ANTI+AF8-TANK,33.3731925,35.4955004,441.745812
O,1,1,448,SOLDIER,SHORT+AF8-RANGE+AF8-ANTI+AF8-TANK,33.3730585,35.4953575,440.875054
O,1,1,449,SOLDIER,SHORT+AF8-RANGE+AF8-ANTI+AF8-TANK,33.3730494,35.4953971,441.503258
O,1,1,450,SOLDIER,SHORT+AF8-RANGE+AF8-ANTI+AF8-TANK,33.3730421,35.4954238,441.939049
O,1,1,451,SOLDIER,SHORT+AF8-RANGE+AF8-ANTI+AF8-TANK,33.37301,35.4954185,442.164025
O,1,1,452,SOLDIER,SHORT+AF8-RANGE+AF8-ANTI+AF8-TANK,33.3730197,35.495369,441.394036
O,1,1,453,SOLDIER,SHORT+AF8-RANGE+AF8-ANTI+AF8-TANK,33.3729866,35.4953575,441.542931
O,1,1,454,SOLDIER,SHORT+AF8-RANGE+AF8-ANTI+AF8-TANK,33.3729816,35.4954061,442.256554
O,1,1,455,SOLDIER,SHORT+AF8-RANGE+AF8-ANTI+AF8-TANK,33.3729751,35.4954301,442.646569
O,1,1,456,SOLDIER,SHORT+AF8-RANGE+AF8-ANTI+AF8-TANK,33.372966,35.4954646,443.250268
O,1,1,457,SOLDIER,SHORT+AF8-RANGE+AF8-ANTI+AF8-TANK,33.3729603,35.4955011,443.913445
O,1,1,458,SOLDIER,SHORT+AF8-RANGE+AF8-ANTI+AF8-TANK,33.3729538,35.4955425,444.667321
O,1,1,459,SOLDIER,SHORT+AF8-RANGE+AF8-ANTI+AF8-TANK,33.3729491,35.4955727,445.216576
O,1,1,460,SOLDIER,SHORT+AF8-RANGE+AF8-ANTI+AF8-TANK,33.3729246,35.495569,445.20324
O,1,1,461,SOLDIER,SHORT+AF8-RANGE+AF8-ANTI+AF8-TANK,33.3729261,35.4955328,444.762139
O,1,1,462,SOLDIER,SHORT+AF8-RANGE+AF8-ANTI+AF8-TANK,33.3729319,35.4954889,443.973839
O,1,1,463,SOLDIER,SHORT+AF8-RANGE+AF8-ANTI+AF8-TANK,33.3729376,35.4954466,443.221764
O,1,1,464,SOLDIER,SHORT+AF8-RANGE+AF8-ANTI+AF8-TANK,33.3729405,35.4954014,442.574608
O,1,1,465,SOLDIER,SHORT+AF8-RANGE+AF8-ANTI+AF8-TANK,33.3729488,35.4953737,442.116295
O,1,1,466,SOLDIER,SHORT+AF8-RANGE+AF8-ANTI+AF8-TANK,33.372928,35.4953703,442.178826
O,1,1,467,SOLDIER,SHORT+AF8-RANGE+AF8-ANTI+AF8-TANK,33.3729204,35.4953967,442.696679
O,1,1,468,SOLDIER,SHORT+AF8-RANGE+AF8-ANTI+AF8-TANK,33.372911,35.4954522,443.552208
O,1,1,469,SOLDIER,SHORT+AF8-RANGE+AF8-ANTI+AF8-TANK,33.3728957,35.4955571,445.05758
O,1,1,470,SOLDIER,SHORT+AF8-RANGE+AF8-ANTI+AF8-TANK,33.3729023,35.4955702,445.190758
O,1,1,471,SOLDIER,SHORT+AF8-RANGE+AF8-ANTI+AF8-TANK,33.3729018,35.4955397,444.896416
O,1,1,472,SOLDIER,SHORT+AF8-RANGE+AF8-ANTI+AF8-TANK,33.3729039,35.4955092,444.572899
O,1,1,473,SOLDIER,SHORT+AF8-RANGE+AF8-ANTI+AF8-TANK,33.3729078,35.4954688,443.861046
O,1,1,474,SOLDIER,SHORT+AF8-RANGE+AF8-ANTI+AF8-TANK,33.3729039,35.4954229,443.209923
O,1,1,475,SOLDIER,SHORT+AF8-RANGE+AF8-ANTI+AF8-TANK,33.3729028,35.4953855,442.594353
O,1,1,476,SOLDIER,SHORT+AF8-RANGE+AF8-ANTI+AF8-TANK,33.3728789,35.495384,442.735924
O,1,1,477,SOLDIER,SHORT+AF8-RANGE+AF8-ANTI+AF8-TANK,33.3728783,35.4954161,443.278557
O,1,1,478,SOLDIER,SHORT+AF8-RANGE+AF8-ANTI+AF8-TANK,33.3728804,35.4954382,443.637353
O,1,1,479,SOLDIER,SHORT+AF8-RANGE+AF8-ANTI+AF8-TANK,33.3728809,35.4954758,444.227959
O,1,1,480,SOLDIER,SHORT+AF8-RANGE+AF8-ANTI+AF8-TANK,33.3728828,35.4955154,444.641686
O,1,1,481,SOLDIER,SHORT+AF8-RANGE+AF8-ANTI+AF8-TANK,33.3728848,35.4955465,444.94378
O,1,1,482,SOLDIER,SHORT+AF8-RANGE+AF8-ANTI+AF8-TANK,33.3728666,35.4955565,445.20266
O,1,1,483,SOLDIER,SHORT+AF8-RANGE+AF8-ANTI+AF8-TANK,33.3728617,35.4955039,444.616723
O,1,1,484,SOLDIER,SHORT+AF8-RANGE+AF8-ANTI+AF8-TANK,33.372858,35.4954699,444.270409
O,1,1,485,SOLDIER,SHORT+AF8-RANGE+AF8-ANTI+AF8-TANK,33.37284,35.4954562,444.342858
O,1,1,486,SOLDIER,SHORT+AF8-RANGE+AF8-ANTI+AF8-TANK,33.3728307,35.4954379,444.040063
O,1,1,487,SOLDIER,SHORT+AF8-RANGE+AF8-ANTI+AF8-TANK,33.3728372,35.4954892,444.932305
O,1,1,488,SOLDIER,SHORT+AF8-RANGE+AF8-ANTI+AF8-TANK,33.3728398,35.4955353,445.426598
O,1,1,489,SOLDIER,SHORT+AF8-RANGE+AF8-ANTI+AF8-TANK,33.3729393,35.4956523,446.021721
O,1,1,490,SOLDIER,SHORT+AF8-RANGE+AF8-ANTI+AF8-TANK,33.3729473,35.4956769,446.267418
O,1,1,491,SOLDIER,SHORT+AF8-RANGE+AF8-ANTI+AF8-TANK,33.3729872,35.4957451,446.967736
O,1,1,492,SOLDIER,SHORT+AF8-RANGE+AF8-ANTI+AF8-TANK,33.3729826,35.4956751,446.288292
O,1,1,493,SOLDIER,SHORT+AF8-RANGE+AF8-ANTI+AF8-TANK,33.3730005,35.4956617,446.178887
O,1,1,494,SOLDIER,SHORT+AF8-RANGE+AF8-ANTI+AF8-TANK,33.373027,35.4956663,446.059838
O,1,1,495,SOLDIER,SHORT+AF8-RANGE+AF8-ANTI+AF8-TANK,33.3730221,35.4957074,446.643303
O,1,1,496,SOLDIER,SHORT+AF8-RANGE+AF8-ANTI+AF8-TANK,33.3730156,35.4957461,447.007897
O,1,1,497,SOLDIER,SHORT+AF8-RANGE+AF8-ANTI+AF8-TANK,33.3730479,35.4957557,447.136315
O,1,1,498,SOLDIER,SHORT+AF8-RANGE+AF8-ANTI+AF8-TANK,33.3730633,35.4957457,447.052361
O,1,1,499,SOLDIER,SHORT+AF8-RANGE+AF8-ANTI+AF8-TANK,33.3730591,35.4957087,446.471306
O,1,1,500,SOLDIER,SHORT+AF8-RANGE+AF8-ANTI+AF8-TANK,33.3730575,35.4956869,446.120873
O,1,1,501,SOLDIER,SHORT+AF8-RANGE+AF8-ANTI+AF8-TANK,33.3731053,35.4956881,445.69796
O,1,1,502,SOLDIER,SHORT+AF8-RANGE+AF8-ANTI+AF8-TANK,33.3731105,35.4957271,446.301232
O,1,1,503,SOLDIER,SHORT+AF8-RANGE+AF8-ANTI+AF8-TANK,33.3731074,35.4957507,446.665581
O,1,1,504,SOLDIER,SHORT+AF8-RANGE+AF8-ANTI+AF8-TANK,33.3731243,35.4957791,446.61715
O,1,1,505,SOLDIER,SHORT+AF8-RANGE+AF8-ANTI+AF8-TANK,33.3731433,35.4957716,446.101464
O,1,1,506,SOLDIER,SHORT+AF8-RANGE+AF8-ANTI+AF8-TANK,33.3731566,35.4957227,445.2286
O,1,1,507,SOLDIER,SHORT+AF8-RANGE+AF8-ANTI+AF8-TANK,33.3731847,35.4957093,444.438286
O,1,1,508,SOLDIER,SHORT+AF8-RANGE+AF8-ANTI+AF8-TANK,33.3731941,35.4957512,444.719873
O,1,1,509,SOLDIER,SHORT+AF8-RANGE+AF8-ANTI+AF8-TANK,33.373183,35.4958012,445.458153
O,1,1,510,SOLDIER,SHORT+AF8-RANGE+AF8-ANTI+AF8-TANK,33.3732177,35.4957947,444.719506
O,1,1,511,SOLDIER,SHORT+AF8-RANGE+AF8-ANTI+AF8-TANK,33.373231,35.4957262,443.955407
O,1,1,512,SOLDIER,SHORT+AF8-RANGE+AF8-ANTI+AF8-TANK,33.3732606,35.4958146,444.917687
O,1,1,513,SOLDIER,SHORT+AF8-RANGE+AF8-ANTI+AF8-TANK,33.3733094,35.4957926,444.931786
O,1,1,514,SOLDIER,SHORT+AF8-RANGE+AF8-ANTI+AF8-TANK,33.3733449,35.4957964,445.064263
O,1,1,515,SOLDIER,SHORT+AF8-RANGE+AF8-ANTI+AF8-TANK,33.3732758,35.4958621,445.116936
O,1,1,516,SOLDIER,SHORT+AF8-RANGE+AF8-ANTI+AF8-TANK,33.3732542,35.4958942,445.127678
O,1,1,517,SOLDIER,SHORT+AF8-RANGE+AF8-ANTI+AF8-TANK,33.3732232,35.4959247,446.255913
O,1,1,518,SOLDIER,SHORT+AF8-RANGE+AF8-ANTI+AF8-TANK,33.3728127,35.4958068,449.661767
O,1,1,519,SOLDIER,SHORT+AF8-RANGE+AF8-ANTI+AF8-TANK,33.3728114,35.4957467,448.529473
O,1,1,520,SOLDIER,SHORT+AF8-RANGE+AF8-ANTI+AF8-TANK,33.3728044,35.4956577,447.616265
O,1,1,521,SOLDIER,SHORT+AF8-RANGE+AF8-ANTI+AF8-TANK,33.3727844,35.4956035,447.385125
O,1,1,522,SOLDIER,SHORT+AF8-RANGE+AF8-ANTI+AF8-TANK,33.3727809,35.4955566,446.901269
O,1,1,523,SOLDIER,SHORT+AF8-RANGE+AF8-ANTI+AF8-TANK,33.3728432,35.4955724,445.797265
O,1,1,524,SOLDIER,SHORT+AF8-RANGE+AF8-ANTI+AF8-TANK,33.3728451,35.4956097,446.199914
O,1,1,525,SOLDIER,SHORT+AF8-RANGE+AF8-ANTI+AF8-TANK,33.3728512,35.4956339,446.361321
O,1,1,526,SOLDIER,SHORT+AF8-RANGE+AF8-ANTI+AF8-TANK,33.3728507,35.4956968,447.120537
O,1,1,527,SOLDIER,SHORT+AF8-RANGE+AF8-ANTI+AF8-TANK,33.372852,35.4957488,447.712212
O,1,1,528,SOLDIER,SHORT+AF8-RANGE+AF8-ANTI+AF8-TANK,33.3728635,35.4957781,447.864617
O,1,1,529,SOLDIER,SHORT+AF8-RANGE+AF8-ANTI+AF8-TANK,33.3729093,35.4957766,447.473931
O,1,1,530,SOLDIER,SHORT+AF8-RANGE+AF8-ANTI+AF8-TANK,33.3729046,35.4957102,446.722893
O,1,1,531,SOLDIER,SHORT+AF8-RANGE+AF8-ANTI+AF8-TANK,33.3729085,35.4956719,446.235436
O,1,1,532,SOLDIER,SHORT+AF8-RANGE+AF8-ANTI+AF8-TANK,33.3729447,35.4957246,446.723229
O,1,1,533,SOLDIER,SHORT+AF8-RANGE+AF8-ANTI+AF8-TANK,33.3729713,35.4957557,447.052208
O,1,1,534,SOLDIER,SHORT+AF8-RANGE+AF8-ANTI+AF8-TANK,33.3732654,35.4959565,445.694237
O,1,1,535,SOLDIER,SHORT+AF8-RANGE+AF8-ANTI+AF8-TANK,33.3733032,35.4959795,445.510216
O,1,1,536,SOLDIER,SHORT+AF8-RANGE+AF8-ANTI+AF8-TANK,33.3733204,35.4960044,445.653618
O,1,1,537,SOLDIER,SHORT+AF8-RANGE+AF8-ANTI+AF8-TANK,33.3732933,35.4960116,446.158745
O,1,1,538,SOLDIER,SHORT+AF8-RANGE+AF8-ANTI+AF8-TANK,33.3732566,35.4959823,446.229577
O,1,1,539,SOLDIER,SHORT+AF8-RANGE+AF8-ANTI+AF8-TANK,33.373236,35.4959646,446.42318
O,1,1,540,SOLDIER,SHORT+AF8-RANGE+AF8-ANTI+AF8-TANK,33.372751,35.4955749,447.738244
O,1,1,541,SOLDIER,SHORT+AF8-RANGE+AF8-ANTI+AF8-TANK,33.3727516,35.4956585,448.720025
O,1,1,542,SOLDIER,SHORT+AF8-RANGE+AF8-ANTI+AF8-TANK,33.3727701,35.4956973,448.798821
O,1,1,543,SOLDIER,SHORT+AF8-RANGE+AF8-ANTI+AF8-TANK,33.3727783,35.4957315,449.140313
O,1,1,544,SOLDIER,SHORT+AF8-RANGE+AF8-ANTI+AF8-TANK,33.372751,35.4957535,450.338799
O,1,1,545,SOLDIER,SHORT+AF8-RANGE+AF8-ANTI+AF8-TANK,33.3727739,35.4957779,450.177636
O,1,1,546,SOLDIER,SHORT+AF8-RANGE+AF8-ANTI+AF8-TANK,33.3727809,35.4958334,450.624352
O,1,1,547,SOLDIER,SHORT+AF8-RANGE+AF8-ANTI+AF8-TANK,33.3727332,35.4958372,450.169365
O,1,1,548,SOLDIER,SHORT+AF8-RANGE+AF8-ANTI+AF8-TANK,33.372737,35.4958014,450.232262
O,1,1,549,SOLDIER,SHORT+AF8-RANGE+AF8-ANTI+AF8-TANK,33.3727179,35.4957961,450.055382
O,1,1,550,SOLDIER,SHORT+AF8-RANGE+AF8-ANTI+AF8-TANK,33.3727141,35.4957239,450.073235
O,1,1,551,SOLDIER,SHORT+AF8-RANGE+AF8-ANTI+AF8-TANK,33.3727071,35.4956319,449.326684
O,1,1,552,SOLDIER,SHORT+AF8-RANGE+AF8-ANTI+AF8-TANK,33.3726944,35.4955908,448.877282
O,1,1,553,SOLDIER,SHORT+AF8-RANGE+AF8-ANTI+AF8-TANK,33.3726436,35.4956123,449.606225
O,1,1,554,SOLDIER,SHORT+AF8-RANGE+AF8-ANTI+AF8-TANK,33.3727148,35.495536,447.45086
O,1,1,555,SOLDIER,SHORT+AF8-RANGE+AF8-ANTI+AF8-TANK,33.3727723,35.4955102,446.262353
O,1,1,556,SOLDIER,SHORT+AF8-RANGE+AF8-ANTI+AF8-TANK,33.3727212,35.4954412,445.296837
O,1,1,557,SOLDIER,SHORT+AF8-RANGE+AF8-ANTI+AF8-TANK,33.3726483,35.4955499,448.449303
O,1,1,558,SOLDIER,SHORT+AF8-RANGE+AF8-ANTI+AF8-TANK,33.3727133,35.4954913,446.483178
O,1,1,559,SOLDIER,SHORT+AF8-RANGE+AF8-ANTI+AF8-TANK,33.3726444,35.4954572,446.457604
O,1,1,560,SOLDIER,SHORT+AF8-RANGE+AF8-ANTI+AF8-TANK,33.3725923,35.4955623,448.956383
O,1,1,561,SOLDIER,SHORT+AF8-RANGE+AF8-ANTI+AF8-TANK,33.372609,35.4954773,447.241906
O,1,1,562,SOLDIER,SHORT+AF8-RANGE+AF8-ANTI+AF8-TANK,33.3726528,35.4955078,447.481469
O,1,1,563,SOLDIER,SHORT+AF8-RANGE+AF8-ANTI+AF8-TANK,33.3725509,35.4955029,448.211266
O,1,1,564,SOLDIER,SHORT+AF8-RANGE+AF8-ANTI+AF8-TANK,33.3725717,35.4955323,448.580865
O,1,1,565,SOLDIER,SHORT+AF8-RANGE+AF8-ANTI+AF8-TANK,33.3725496,35.4955852,449.166833
O,1,1,566,SOLDIER,SHORT+AF8-RANGE+AF8-ANTI+AF8-TANK,33.3725702,35.4956108,449.492028
O,1,1,567,SOLDIER,SHORT+AF8-RANGE+AF8-ANTI+AF8-TANK,33.3725033,35.4956313,449.593102
O,1,1,568,SOLDIER,SHORT+AF8-RANGE+AF8-ANTI+AF8-TANK,33.3725091,35.4955521,448.479271
O,1,1,569,SOLDIER,SHORT+AF8-RANGE+AF8-ANTI+AF8-TANK,33.3724893,35.4954961,447.748986
O,1,1,570,SOLDIER,SHORT+AF8-RANGE+AF8-ANTI+AF8-TANK,33.3725754,35.495444,446.842583
O,1,1,571,SOLDIER,SHORT+AF8-RANGE+AF8-ANTI+AF8-TANK,33.3724336,35.4954702,447.112389
O,1,1,572,SOLDIER,SHORT+AF8-RANGE+AF8-ANTI+AF8-TANK,33.3724565,35.4955309,448.049706
O,1,1,573,SOLDIER,SHORT+AF8-RANGE+AF8-ANTI+AF8-TANK,33.3724624,35.4955849,448.865502
O,1,1,574,SOLDIER,SHORT+AF8-RANGE+AF8-ANTI+AF8-TANK,33.3724157,35.4955653,448.511864
O,1,1,575,SOLDIER,SHORT+AF8-RANGE+AF8-ANTI+AF8-TANK,33.3724445,35.4956331,449.480706
O,1,1,576,SOLDIER,SHORT+AF8-RANGE+AF8-ANTI+AF8-TANK,33.3723955,35.4955468,448.208916
O,1,1,577,SOLDIER,SHORT+AF8-RANGE+AF8-ANTI+AF8-TANK,33.3724003,35.4956572,449.652733
O,1,1,578,SOLDIER,SHORT+AF8-RANGE+AF8-ANTI+AF8-TANK,33.3723524,35.4955732,448.547082
O,1,1,579,SOLDIER,SHORT+AF8-RANGE+AF8-ANTI+AF8-TANK,33.372367,35.4956284,449.254326
O,1,1,580,SOLDIER,SHORT+AF8-RANGE+AF8-ANTI+AF8-TANK,33.3722876,35.4956242,449.12835
O,1,1,581,SOLDIER,SHORT+AF8-RANGE+AF8-ANTI+AF8-TANK,33.3724118,35.4956075,449.119744
O,1,1,582,SOLDIER,SHORT+AF8-RANGE+AF8-ANTI+AF8-TANK,33.3722635,35.4956722,449.961449
O,1,1,583,SOLDIER,SHORT+AF8-RANGE+AF8-ANTI+AF8-TANK,33.3723345,35.4956808,449.968896
O,1,1,584,SOLDIER,SHORT+AF8-RANGE+AF8-ANTI+AF8-TANK,33.3723929,35.495712,450.361809
O,1,1,585,SOLDIER,SHORT+AF8-RANGE+AF8-ANTI+AF8-TANK,33.3724625,35.4957014,450.28875
O,1,1,586,SOLDIER,SHORT+AF8-RANGE+AF8-ANTI+AF8-TANK,33.3724969,35.4956943,450.285943
O,1,1,587,SOLDIER,SHORT+AF8-RANGE+AF8-ANTI+AF8-TANK,33.372504,35.495732,450.725396
O,1,1,588,SOLDIER,SHORT+AF8-RANGE+AF8-ANTI+AF8-TANK,33.3724648,35.4957676,451.122094
O,1,1,589,SOLDIER,SHORT+AF8-RANGE+AF8-ANTI+AF8-TANK,33.3724391,35.4957372,450.675652
O,1,1,590,SOLDIER,SHORT+AF8-RANGE+AF8-ANTI+AF8-TANK,33.3723964,35.4957607,451.13723
O,1,1,591,SOLDIER,SHORT+AF8-RANGE+AF8-ANTI+AF8-TANK,33.3723404,35.4957544,451.137383
O,1,1,592,SOLDIER,SHORT+AF8-RANGE+AF8-ANTI+AF8-TANK,33.3723644,35.4957948,451.742577
O,1,1,593,SOLDIER,SHORT+AF8-RANGE+AF8-ANTI+AF8-TANK,33.3723218,35.4957288,450.762047
O,1,1,594,SOLDIER,SHORT+AF8-RANGE+AF8-ANTI+AF8-TANK,33.3722954,35.4957551,451.231438
O,1,1,595,SOLDIER,SHORT+AF8-RANGE+AF8-ANTI+AF8-TANK,33.3722571,35.4957009,450.432488
O,1,1,596,SOLDIER,SHORT+AF8-RANGE+AF8-ANTI+AF8-TANK,33.372225,35.4957273,450.926995
O,1,1,597,SOLDIER,SHORT+AF8-RANGE+AF8-ANTI+AF8-TANK,33.3722043,35.495691,450.431267
O,1,1,598,SOLDIER,SHORT+AF8-RANGE+AF8-ANTI+AF8-TANK,33.3722209,35.4956608,449.85534
O,1,1,599,SOLDIER,SHORT+AF8-RANGE+AF8-ANTI+AF8-TANK,33.3721717,35.4957208,450.828209
O,1,1,600,SOLDIER,SHORT+AF8-RANGE+AF8-ANTI+AF8-TANK,33.372302,35.4957047,450.411217
O,1,1,601,SOLDIER,SHORT+AF8-RANGE+AF8-ANTI+AF8-TANK,33.3718716,35.4941813,435.586632
O,1,1,602,SOLDIER,SHORT+AF8-RANGE+AF8-ANTI+AF8-TANK,33.3718763,35.4940867,434.297936
O,1,1,603,SOLDIER,SHORT+AF8-RANGE+AF8-ANTI+AF8-TANK,33.3717995,35.4940533,434.150139
O,1,1,604,SOLDIER,SHORT+AF8-RANGE+AF8-ANTI+AF8-TANK,33.3717646,35.4939922,433.477959
O,1,1,605,SOLDIER,SHORT+AF8-RANGE+AF8-ANTI+AF8-TANK,33.3717623,35.4940839,434.737755
O,1,1,606,SOLDIER,SHORT+AF8-RANGE+AF8-ANTI+AF8-TANK,33.3718042,35.4941173,435.058709
O,1,1,607,SOLDIER,SHORT+AF8-RANGE+AF8-ANTI+AF8-TANK,33.3717228,35.4940645,434.609978
O,1,1,608,SOLDIER,SHORT+AF8-RANGE+AF8-ANTI+AF8-TANK,33.3717228,35.4941396,435.702141
O,1,1,609,SOLDIER,SHORT+AF8-RANGE+AF8-ANTI+AF8-TANK,33.3705017,35.4937141,427.382897
O,1,1,610,SOLDIER,SHORT+AF8-RANGE+AF8-ANTI+AF8-TANK,33.3705041,35.4937586,427.421715
O,1,1,611,SOLDIER,SHORT+AF8-RANGE+AF8-ANTI+AF8-TANK,33.3704413,35.4936974,426.856835
O,1,1,612,SOLDIER,SHORT+AF8-RANGE+AF8-ANTI+AF8-TANK,33.3704366,35.4937669,426.844109
O,1,1,613,SOLDIER,SHORT+AF8-RANGE+AF8-ANTI+AF8-TANK,33.3703691,35.4937196,426.248528
O,1,1,614,SOLDIER,SHORT+AF8-RANGE+AF8-ANTI+AF8-TANK,33.3703738,35.4937697,426.305871
O,1,1,615,SOLDIER,SHORT+AF8-RANGE+AF8-ANTI+AF8-TANK,33.370318,35.4937085,425.805321
O,1,1,616,SOLDIER,SHORT+AF8-RANGE+AF8-ANTI+AF8-TANK,33.370318,35.4937697,425.826562
O,1,1,617,SOLDIER,SHORT+AF8-RANGE+AF8-ANTI+AF8-TANK,33.3702761,35.4937057,425.444878
O,1,1,618,SOLDIER,SHORT+AF8-RANGE+AF8-ANTI+AF8-TANK,33.3702808,35.4937836,432.333044
O,1,1,619,SOLDIER,SHORT+AF8-RANGE+AF8-ANTI+AF8-TANK,33.3702459,35.4937113,425.187188
O,1,1,620,SOLDIER,SHORT+AF8-RANGE+AF8-ANTI+AF8-TANK,33.3702482,35.493753,425.221642
O,1,1,621,SOLDIER,SHORT+AF8-RANGE+AF8-ANTI+AF8-TANK,33.3701947,35.4937196,424.79464
O,1,1,622,SOLDIER,SHORT+AF8-RANGE+AF8-ANTI+AF8-TANK,33.3702017,35.4937447,424.851037
O,1,1,623,SOLDIER,SHORT+AF8-RANGE+AF8-ANTI+AF8-TANK,33.3701505,35.4937029,424.478081
O,1,1,624,SOLDIER,SHORT+AF8-RANGE+AF8-ANTI+AF8-TANK,33.3701551,35.4937391,424.521203
O,1,1,625,SOLDIER,SHORT+AF8-RANGE+AF8-ANTI+AF8-TANK,33.3698469,35.4937725,422.866051
O,1,1,626,SOLDIER,SHORT+AF8-RANGE+AF8-ANTI+AF8-TANK,33.3698423,35.4938281,423.505333
O,1,1,627,SOLDIER,SHORT+AF8-RANGE+AF8-ANTI+AF8-TANK,33.3697981,35.4937586,422.528924
O,1,1,628,SOLDIER,SHORT+AF8-RANGE+AF8-ANTI+AF8-TANK,33.3698027,35.493817,423.233971
O,1,1,629,SOLDIER,SHORT+AF8-RANGE+AF8-ANTI+AF8-TANK,33.3697795,35.4937725,422.626885
O,1,1,630,SOLDIER,SHORT+AF8-RANGE+AF8-ANTI+AF8-TANK,33.3697911,35.4938364,423.422265
O,1,1,631,SOLDIER,SHORT+AF8-RANGE+AF8-ANTI+AF8-TANK,33.3697422,35.4937725,422.494927
O,1,1,632,SOLDIER,SHORT+AF8-RANGE+AF8-ANTI+AF8-TANK,33.3697516,35.4938448,423.380425
O,1,1,633,SOLDIER,SHORT+AF8-RANGE+AF8-ANTI+AF8-TANK,33.369505,35.4937876,422.63485
O,1,1,634,SOLDIER,SHORT+AF8-RANGE+AF8-ANTI+AF8-TANK,33.3694931,35.4938285,423.016228
O,1,1,635,SOLDIER,SHORT+AF8-RANGE+AF8-ANTI+AF8-TANK,33.3694722,35.4937698,422.535576
O,1,1,636,SOLDIER,SHORT+AF8-RANGE+AF8-ANTI+AF8-TANK,33.3694529,35.4938143,422.961388
O,1,1,637,SOLDIER,SHORT+AF8-RANGE+AF8-ANTI+AF8-TANK,33.3691131,35.4937929,422.165429
O,1,1,638,SOLDIER,SHORT+AF8-RANGE+AF8-ANTI+AF8-TANK,33.3691235,35.4938232,422.381035
O,1,1,639,SOLDIER,SHORT+AF8-RANGE+AF8-ANTI+AF8-TANK,33.3690848,35.4938125,422.278557
O,1,1,640,SOLDIER,SHORT+AF8-RANGE+AF8-ANTI+AF8-TANK,33.3690997,35.4938374,422.460869
O,1,1,641,SOLDIER,SHORT+AF8-RANGE+AF8-ANTI+AF8-TANK,33.36859,35.4941799,422.718926
O,1,1,642,SOLDIER,SHORT+AF8-RANGE+AF8-ANTI+AF8-TANK,33.3685993,35.4942299,422.685204
O,1,1,643,SOLDIER,SHORT+AF8-RANGE+AF8-ANTI+AF8-TANK,33.3685574,35.4942021,422.579857
O,1,1,644,SOLDIER,SHORT+AF8-RANGE+AF8-ANTI+AF8-TANK,33.3685644,35.4942466,422.545495
O,1,1,645,SOLDIER,SHORT+AF8-RANGE+AF8-ANTI+AF8-TANK,33.3685109,35.4942383,422.375451
O,1,1,646,SOLDIER,SHORT+AF8-RANGE+AF8-ANTI+AF8-TANK,33.3685318,35.4942883,422.464715
O,1,1,647,SOLDIER,SHORT+AF8-RANGE+AF8-ANTI+AF8-TANK,33.368476,35.4942605,422.260796
O,1,1,648,SOLDIER,SHORT+AF8-RANGE+AF8-ANTI+AF8-TANK,33.3684946,35.4943189,422.298211
O,1,1,649,SOLDIER,SHORT+AF8-RANGE+AF8-ANTI+AF8-TANK,33.3684434,35.4942855,422.261529
O,1,1,650,SOLDIER,SHORT+AF8-RANGE+AF8-ANTI+AF8-TANK,33.3684667,35.4943356,422.223778
O,1,1,651,SOLDIER,SHORT+AF8-RANGE+AF8-ANTI+AF8-TANK,33.3684062,35.4943106,422.265862
O,1,1,652,SOLDIER,SHORT+AF8-RANGE+AF8-ANTI+AF8-TANK,33.3684178,35.4943634,422.118126
O,1,1,653,SOLDIER,SHORT+AF8-RANGE+AF8-ANTI+AF8-TANK,33.3683666,35.4943189,422.27224
O,1,1,654,SOLDIER,SHORT+AF8-RANGE+AF8-ANTI+AF8-TANK,33.3683806,35.4943801,422.141961
O,1,1,655,SOLDIER,SHORT+AF8-RANGE+AF8-ANTI+AF8-TANK,33.3736312,35.4958933,444.286583
O,1,1,656,SOLDIER,SHORT+AF8-RANGE+AF8-ANTI+AF8-TANK,33.3736218,35.4959712,445.818139
O,1,1,657,SOLDIER,SHORT+AF8-RANGE+AF8-ANTI+AF8-TANK,33.3736125,35.4959066,444.586663
O,1,1,658,SOLDIER,SHORT+AF8-RANGE+AF8-ANTI+AF8-TANK,33.3735995,35.4959489,445.4273
O,1,1,659,SOLDIER,SHORT+AF8-RANGE+AF8-ANTI+AF8-TANK,33.3735902,35.4958955,444.414055
O,1,1,660,SOLDIER,SHORT+AF8-RANGE+AF8-ANTI+AF8-TANK,33.3735772,35.4959556,445.628625
O,1,1,661,SOLDIER,SHORT+AF8-RANGE+AF8-ANTI+AF8-TANK,33.3735679,35.4958866,444.28048
O,1,1,662,SOLDIER,SHORT+AF8-RANGE+AF8-ANTI+AF8-TANK,33.3735586,35.4959333,445.324303
O,1,1,663,SOLDIER,SHORT+AF8-RANGE+AF8-ANTI+AF8-TANK,33.3735474,35.4958688,444.082604
O,1,1,664,SOLDIER,SHORT+AF8-RANGE+AF8-ANTI+AF8-TANK,33.37354,35.4959178,445.158135
O,1,1,665,SOLDIER,SHORT+AF8-RANGE+AF8-ANTI+AF8-TANK,33.3735269,35.4958755,444.392541
O,1,1,666,SOLDIER,SHORT+AF8-RANGE+AF8-ANTI+AF8-TANK,33.3735158,35.4959222,445.45324
O,1,1,667,SOLDIER,SHORT+AF8-RANGE+AF8-ANTI+AF8-TANK,33.3737092,35.4960174,446.537682
O,1,1,668,SOLDIER,SHORT+AF8-RANGE+AF8-ANTI+AF8-TANK,33.3737234,35.4959625,445.438714
O,1,1,669,SOLDIER,SHORT+AF8-RANGE+AF8-ANTI+AF8-TANK,33.3737585,35.4959736,445.57943
O,1,1,670,SOLDIER,SHORT+AF8-RANGE+AF8-ANTI+AF8-TANK,33.3737512,35.4960325,446.743798
O,1,1,671,SOLDIER,SHORT+AF8-RANGE+AF8-ANTI+AF8-TANK,33.3737736,35.4960407,446.856652
O,1,1,672,SOLDIER,SHORT+AF8-RANGE+AF8-ANTI+AF8-TANK,33.3737882,35.4959981,445.994622
O,1,1,673,SOLDIER,SHORT+AF8-RANGE+AF8-ANTI+AF8-TANK,33.3738146,35.4960109,446.190514
O,1,1,674,SOLDIER,SHORT+AF8-RANGE+AF8-ANTI+AF8-TANK,33.3738048,35.4960489,446.951256
O,1,1,675,SOLDIER,SHORT+AF8-RANGE+AF8-ANTI+AF8-TANK,33.3738282,35.4960547,446.966942
O,1,1,676,SOLDIER,SHORT+AF8-RANGE+AF8-ANTI+AF8-TANK,33.373839,35.4960214,446.344872
O,1,1,677,SOLDIER,SHORT+AF8-RANGE+AF8-ANTI+AF8-TANK,33.3738443,35.4959841,445.604638
O,1,1,678,SOLDIER,SHORT+AF8-RANGE+AF8-ANTI+AF8-TANK,33.3738195,35.495973,445.439873
O,1,1,679,SOLDIER,SHORT+AF8-RANGE+AF8-ANTI+AF8-TANK,33.3737965,35.4959573,445.179955
O,1,1,680,SOLDIER,SHORT+AF8-RANGE+AF8-ANTI+AF8-TANK,33.3737712,35.4959398,444.892876
O,1,1,681,SOLDIER,SHORT+AF8-RANGE+AF8-ANTI+AF8-TANK,33.3737507,35.495931,444.766259
O,1,1,682,SOLDIER,SHORT+AF8-RANGE+AF8-ANTI+AF8-TANK,33.3737355,35.4959205,444.594048
O,1,1,683,SOLDIER,SHORT+AF8-RANGE+AF8-ANTI+AF8-TANK,33.3737482,35.4958669,443.520958
O,1,1,684,SOLDIER,SHORT+AF8-RANGE+AF8-ANTI+AF8-TANK,33.3737731,35.495885,443.820061
O,1,1,685,SOLDIER,SHORT+AF8-RANGE+AF8-ANTI+AF8-TANK,33.373797,35.4958978,444.018914
O,1,1,686,SOLDIER,SHORT+AF8-RANGE+AF8-ANTI+AF8-TANK,33.3738102,35.4959036,444.104394
O,1,1,687,SOLDIER,SHORT+AF8-RANGE+AF8-ANTI+AF8-TANK,33.3738277,35.4959165,444.31762
O,1,1,688,SOLDIER,SHORT+AF8-RANGE+AF8-ANTI+AF8-TANK,33.3738395,35.4959275,444.509728
O,1,1,689,SOLDIER,SHORT+AF8-RANGE+AF8-ANTI+AF8-TANK,33.3738575,35.4959345,444.608941
O,1,1,690,SOLDIER,SHORT+AF8-RANGE+AF8-ANTI+AF8-TANK,33.3722063,35.4952692,444.611352
O,1,1,691,SOLDIER,SHORT+AF8-RANGE+AF8-ANTI+AF8-TANK,33.3722063,35.4953057,445.086388
O,1,1,692,SOLDIER,SHORT+AF8-RANGE+AF8-ANTI+AF8-TANK,33.372191,35.4952685,444.546166
O,1,1,693,SOLDIER,SHORT+AF8-RANGE+AF8-ANTI+AF8-TANK,33.3721868,35.4953064,445.024621
O,1,1,694,SOLDIER,SHORT+AF8-RANGE+AF8-ANTI+AF8-TANK,33.3721691,35.4952641,444.402886
O,1,1,695,SOLDIER,SHORT+AF8-RANGE+AF8-ANTI+AF8-TANK,33.3721691,35.4953079,444.972924
O,1,1,696,SOLDIER,SHORT+AF8-RANGE+AF8-ANTI+AF8-TANK,33.3721514,35.495267,444.344842
O,1,1,697,SOLDIER,SHORT+AF8-RANGE+AF8-ANTI+AF8-TANK,33.3721496,35.4953049,444.828942
O,1,1,698,SOLDIER,SHORT+AF8-RANGE+AF8-ANTI+AF8-TANK,33.3721343,35.4952641,444.214104
O,1,1,699,SOLDIER,SHORT+AF8-RANGE+AF8-ANTI+AF8-TANK,33.3721337,35.4953049,444.742852
O,1,1,700,SOLDIER,SHORT+AF8-RANGE+AF8-ANTI+AF8-TANK,33.3722045,35.4953443,445.583214
O,1,1,701,SOLDIER,SHORT+AF8-RANGE+AF8-ANTI+AF8-TANK,33.3721746,35.4953465,445.502617
O,1,1,702,SOLDIER,SHORT+AF8-RANGE+AF8-ANTI+AF8-TANK,33.3722002,35.4953676,445.871667
O,1,1,703,SOLDIER,SHORT+AF8-RANGE+AF8-ANTI+AF8-TANK,33.3721776,35.4953691,445.808251
O,1,1,704,SOLDIER,SHORT+AF8-RANGE+AF8-ANTI+AF8-TANK,33.372202,35.4953851,446.106347
O,1,1,705,SOLDIER,SHORT+AF8-RANGE+AF8-ANTI+AF8-TANK,33.3721782,35.4953895,446.0765
O,1,1,706,SOLDIER,SHORT+AF8-RANGE+AF8-ANTI+AF8-TANK,33.3722014,35.495407,446.389153
O,1,1,707,SOLDIER,SHORT+AF8-RANGE+AF8-ANTI+AF8-TANK,33.3721728,35.4954114,446.341485
O,1,1,708,SOLDIER,SHORT+AF8-RANGE+AF8-ANTI+AF8-TANK,33.3721892,35.4954347,446.70562
O,1,1,709,SOLDIER,SHORT+AF8-RANGE+AF8-ANTI+AF8-TANK,33.3721679,35.4954252,446.495873
O,1,1,710,SOLDIER,SHORT+AF8-RANGE+AF8-ANTI+AF8-TANK,33.3721478,35.4954333,446.522606
O,1,1,711,SOLDIER,SHORT+AF8-RANGE+AF8-ANTI+AF8-TANK,33.3721502,35.495407,446.162316
O,1,1,712,SOLDIER,SHORT+AF8-RANGE+AF8-ANTI+AF8-TANK,33.3721532,35.4953866,445.912865
O,1,1,713,SOLDIER,SHORT+AF8-RANGE+AF8-ANTI+AF8-TANK,33.3721508,35.4953618,445.576623
O,1,1,714,SOLDIER,SHORT+AF8-RANGE+AF8-ANTI+AF8-TANK,33.3721508,35.4953407,445.301079
